Age,Bill_Amt1,Bill_Amt2,Bill_Amt3,Bill_Amt4,Bill_Amt5,Bill_Amt6,Education,Limit_Bal,Marriage,Pay_0,Pay_2,Pay_3,Pay_4,Pay_5,Pay_6,Pay_Amt1,Pay_Amt2,Pay_Amt3,Pay_Amt4,Pay_Amt5,Pay_Amt6,Sex
34,29239,14027,13559,14331,14948,15549,2,90000,2,0,0,0,0,0,0,1518,1500,1000,1000,1000,5000,2
37,46990,48233,49291,28314,28959,29547,2,50000,1,0,0,0,0,0,0,2000,2019,1200,1100,1069,1000,2
57,8617,5670,35835,20940,19146,19131,2,50000,1,-1,0,-1,0,0,0,2000,36681,10000,9000,689,679,1
37,64400,57069,57608,19394,19619,20024,1,50000,2,0,0,0,0,0,0,2500,1815,657,1000,1000,800,1
29,367965,412023,445007,542653,483003,473944,1,500000,2,0,0,0,0,0,0,55000,40000,38000,20239,13750,13770,1
23,11876,380,601,221,-159,567,2,100000,2,0,-1,-1,0,0,-1,380,601,0,581,1687,1542,2
28,11285,14096,12108,12211,11793,3719,3,140000,1,0,0,2,0,0,0,3329,0,432,1000,1000,1000,2
35,0,0,0,0,13007,13912,3,20000,2,-2,-2,-2,-2,-1,-1,0,0,0,13007,1122,0,1
34,11073,9787,5535,2513,1828,3731,3,200000,2,0,0,2,0,0,-1,2306,12,50,300,3738,66,2
51,12261,21670,9966,8517,22287,13668,1,260000,2,-1,-1,-1,-1,-1,2,21818,9966,8583,22301,0,3640,2
41,12137,6500,6500,6500,6500,2870,2,630000,2,-1,0,-1,-1,-1,-1,1000,6500,6500,6500,2870,0,2
30,65802,67369,65701,66782,36137,36894,2,70000,2,1,2,2,0,0,2,3200,0,3000,3000,1500,0,1
29,70887,67060,63561,59696,56875,55512,1,250000,2,0,0,0,0,0,0,3000,3000,3000,3000,3000,3000,1
23,50614,29173,28116,28771,29531,30211,3,50000,3,1,2,0,0,0,0,0,1500,1100,1200,1300,1100,2
24,15376,18010,17428,18338,17905,19104,1,20000,2,0,0,2,2,2,2,3200,0,1500,0,1650,0,1
49,253286,246536,194663,70074,5856,195599,1,320000,1,0,0,0,-1,-1,-1,10358,10000,75940,20000,195599,50000,1
49,0,0,0,0,0,0,1,360000,1,1,-2,-2,-2,-2,-2,0,0,0,0,0,0,2
29,0,0,0,0,0,0,1,180000,2,1,-2,-2,-2,-2,-2,0,0,0,0,0,0,2
39,38358,27688,24489,20616,11802,930,3,130000,2,0,0,0,0,0,-1,3000,1537,1000,2000,930,33764,2
39,316,316,316,0,632,316,2,120000,1,-1,-1,-1,-1,-1,-1,316,316,0,632,316,0,2
26,41087,42445,45020,44006,46905,46012,2,70000,2,2,0,0,2,2,2,2007,3582,0,3601,0,1820,2
40,5512,19420,1473,560,0,0,1,450000,1,-2,-2,-2,-2,-2,-2,19428,1473,560,0,0,1128,2
23,4744,7070,0,5398,6360,8292,1,90000,2,0,0,0,-1,0,0,5757,0,5398,1200,2045,2000,1
23,47620,41810,36023,28967,29829,30046,3,50000,2,0,0,0,0,0,0,1973,1426,1001,1432,1062,997,1
27,-109,-425,259,-57,127,-189,1,60000,2,1,-2,-1,-1,-1,-1,0,1000,0,500,0,1000,1
30,22541,16138,17163,17878,18931,19617,3,50000,2,0,0,0,0,0,0,1300,1300,1000,1500,1000,1012,2
47,650,3415,3416,2040,30430,257,3,50000,1,-1,-1,-1,-1,-1,-1,3415,3421,2044,30430,257,0,2
26,15329,16575,17496,17907,18375,11400,1,50000,2,0,0,0,0,0,0,1500,1500,1000,1000,1600,0,1
27,16646,17265,13266,15339,14307,36923,1,230000,2,-1,-1,-1,-1,-1,-1,17270,13281,15339,14307,37292,0,2
33,30518,29618,22102,22734,23217,23680,2,50000,2,2,0,0,0,0,0,1718,1500,1000,1000,1000,716,1
32,93036,84071,82880,80958,78703,75589,1,100000,2,0,0,0,0,0,0,3023,3511,3302,3204,3200,2504,1
54,10929,4152,22722,7521,71439,8981,2,500000,1,-2,-2,-2,-2,-2,-2,4152,22827,7521,71439,981,51582,2
58,13709,5006,31130,3180,0,5293,1,500000,1,-2,-2,-2,-2,-2,-2,5006,31178,3180,0,5293,768,1
30,30265,-131,-527,-923,-1488,-1884,1,160000,2,-1,-1,-2,-2,-2,-1,131,396,396,565,792,0,1
40,186503,181328,180422,170410,173901,177413,2,280000,1,0,0,0,0,0,0,8026,8060,6300,6400,6400,6737,1
22,15054,9806,11068,6026,-28335,18660,2,60000,2,0,0,0,0,0,-1,1500,1518,2043,0,47671,617,2
25,0,780,0,0,0,0,1,50000,2,1,-1,-1,-2,-2,-2,780,0,0,0,0,0,1
31,498,9075,4641,9976,17976,9477,1,280000,2,-1,-1,2,-1,0,-1,9075,0,9976,8000,9525,781,1
33,218668,221296,206895,628699,195969,179224,1,360000,2,0,0,0,0,0,0,10000,7000,6000,188840,28000,4000,1
25,67521,66999,63949,63699,64718,65970,1,70000,2,0,0,0,0,0,0,3000,4500,4042,2500,2800,2500,2
22,1877,3184,6003,3576,3670,4451,2,10000,2,0,0,0,0,0,0,1500,2927,1000,300,1000,500,1
37,59504,61544,62925,64280,67079,69802,2,140000,1,0,0,0,0,0,0,3000,3000,3000,4000,4000,3000,2
30,18927,21295,25921,25209,26636,29197,1,40000,2,0,0,0,2,0,0,3000,5000,0,2000,3000,0,2
29,0,0,0,0,0,0,1,210000,2,-2,-2,-2,-2,-2,-2,0,0,0,0,0,0,1
22,14028,16484,15800,16341,16675,0,1,20000,2,0,0,2,-1,0,0,3000,0,16741,334,0,0,2
46,4463,3034,1170,1170,0,0,5,150000,2,0,0,-1,0,0,-2,1013,1170,0,0,0,0,2
32,22401,21540,15134,32018,11849,11873,2,380000,2,-1,-1,-1,-1,-1,-1,21540,15138,24677,11851,11875,8251,1
24,17447,18479,19476,19865,20480,20063,1,20000,2,0,0,0,0,0,0,1318,1315,704,928,912,1069,1
42,37042,36171,38355,39423,38659,39362,3,70000,2,1,2,2,2,2,0,0,3100,2000,0,1500,1500,1
43,61559,51163,43824,39619,35762,33258,3,100000,3,0,0,0,0,0,0,2000,1606,1500,2000,1500,1000,2
49,13465,7867,7600,11185,3544,464,2,310000,1,-2,-2,-2,-2,-2,-2,7875,7600,11185,3544,464,0,2
25,41402,41742,42758,43510,44420,45319,1,180000,2,1,2,0,0,0,0,1300,2010,1762,1762,1790,1622,2
29,46224,34993,31434,26518,21042,16540,1,150000,2,2,0,0,0,0,0,1600,1718,1049,1500,2000,5000,2
45,1905,3640,162,0,151,2530,1,500000,1,-2,-2,-2,-2,-2,-2,3640,162,0,151,2530,0,2
34,16386,15793,8441,7142,-679,8321,3,180000,1,0,0,0,-1,-1,-1,8500,1500,7500,679,9000,2000,2
34,175886,173440,172308,168608,132202,129918,2,180000,1,0,0,0,0,0,0,8083,7296,5253,4814,4816,3800,2
34,1587,1098,782,1166,700,1414,1,200000,2,-1,3,2,2,2,2,0,0,700,0,1200,0,2
29,400134,398857,404205,360199,356656,364089,2,400000,1,0,0,0,0,0,0,17000,15029,30000,12000,12000,23000,2
28,22848,23638,18878,14937,13827,15571,3,500000,1,0,0,0,0,0,0,1516,1300,1000,1000,2000,2000,2
39,70800,72060,69938,16518,14096,830,2,70000,1,0,0,0,0,0,-1,4025,2095,1000,2000,3000,0,1
29,24987,24300,26591,25865,27667,28264,1,50000,2,2,2,2,2,2,2,0,2700,0,2225,1200,0,1
46,28718,29166,0,0,0,0,2,50000,1,0,0,0,-2,-2,-2,1000,0,0,0,0,0,2
51,99,0,0,0,2353,0,2,130000,1,-1,-1,-2,-2,-1,-1,0,0,0,2353,0,0,2
57,152519,148751,144076,8174,8198,7918,1,200000,1,-2,-2,-2,-1,2,2,0,0,8222,300,0,1000,1
56,2097,4193,3978,4062,4196,4326,2,10000,1,2,2,2,0,0,0,2300,0,150,200,200,160,1
30,300,300,1159,2280,300,4250,1,210000,2,2,-1,-1,-1,-1,-1,300,1159,2280,300,4250,909,2
29,-190,-9850,-9850,10311,10161,7319,3,130000,2,1,-2,-2,-1,2,-1,0,0,20161,0,7319,13899,2
22,18565,17204,17285,18085,11205,5982,5,20000,2,2,0,0,0,0,0,0,1200,1000,500,1000,0,1
31,780,0,390,390,390,390,1,80000,2,-1,-1,-1,-1,-1,-1,0,390,390,390,390,390,1
29,58267,59246,60184,58622,62307,63526,2,320000,2,2,2,2,2,2,2,2500,2500,0,4800,2400,1600,1
32,9076,5787,-684,5247,3848,3151,2,200000,1,-1,-1,-1,-1,2,-1,5818,15,9102,17,3165,1395,2
37,0,0,3155,0,2359,0,1,290000,2,1,-2,-1,-1,-1,-1,0,3155,0,2359,0,0,2
32,3048,5550,23337,4291,80153,25820,1,340000,2,-1,-1,-1,-1,-1,-1,5713,23453,4314,80552,25949,2016,1
24,14619,17216,16642,16976,17332,18543,2,20000,2,0,0,2,0,0,0,2850,0,610,630,1500,0,1
25,42838,37225,36087,9636,9590,10030,3,50000,2,-1,0,0,0,0,0,1759,1779,320,500,1000,1000,1
45,291,291,291,291,291,291,1,300000,1,-1,-1,-1,-1,-1,-1,291,291,291,291,291,291,2
22,28387,29612,30326,28004,26446,6411,2,30000,2,0,0,0,0,0,0,1686,1400,560,3000,1765,0,2
44,0,0,0,0,0,0,2,240000,2,1,-2,-2,-2,-2,-2,0,0,0,0,0,0,2
33,165254,157784,162702,69923,29271,29889,3,470000,3,0,0,0,0,0,0,6400,7566,3000,960,1000,3000,2
26,23411,27796,30400,33100,180000,196,1,360000,2,0,0,0,0,0,-1,4796,3400,3100,146900,196,2963,2
30,26324,27471,28108,21993,19899,19771,3,60000,2,0,0,0,0,0,0,1576,1213,648,768,1140,0,1
44,131595,139060,126819,104430,104990,94058,2,400000,1,0,0,2,0,0,0,10700,3,3050,3000,3200,2800,2
49,48909,47863,21489,20414,19342,19482,3,50000,2,0,0,0,0,0,0,1676,1302,700,699,849,826,2
33,130028,107808,71934,118418,118407,120418,2,160000,2,0,0,0,0,0,0,4400,3547,80000,4500,4800,4500,1
45,390,1170,780,390,390,390,1,360000,1,-1,-1,2,0,-1,-1,1170,0,0,390,390,390,2
32,3826,4751,6604,8604,7072,766,2,160000,2,0,0,0,0,0,-1,1147,2000,2000,0,766,2303,2
35,81313,117866,17740,1330,7095,1190,1,130000,1,0,0,0,-1,-1,-1,40000,5000,1330,7095,1190,2090,2
44,8583,8303,9651,10488,12314,11970,3,20000,2,2,2,0,0,0,2,0,1651,1000,2000,0,1500,1
53,138180,140774,142460,144098,147124,149531,1,200000,1,2,2,2,2,2,2,6300,5500,5500,5500,5000,5000,1
39,7524,0,3968,3868,0,0,1,280000,2,-1,-1,-1,0,0,-2,0,3968,0,0,0,0,2
27,-2000,5555,0,0,0,0,1,100000,2,-2,-2,-2,-2,-2,-2,7555,0,0,0,0,0,2
37,880,1602,840,840,0,0,2,160000,1,-1,-1,-1,-1,-1,-2,1602,840,840,0,0,7736,2
23,45648,46850,47214,19595,19209,19323,2,60000,2,0,0,0,0,0,0,1937,1301,682,690,816,835,2
35,83725,85996,87653,35565,30942,30835,2,90000,2,0,0,0,0,0,0,3621,3597,1179,1112,1104,1143,1
43,3967,8322,3394,6451,26370,9956,1,360000,1,-1,-1,-1,-1,-1,0,8339,3394,12902,27000,0,68978,1
27,86009,86108,89006,89775,87725,40788,1,150000,2,0,0,0,0,0,0,4031,10006,3266,4040,1698,800,1
22,18722,18160,16997,13150,8866,7899,3,50000,1,0,0,0,0,0,0,1411,1194,379,281,321,197,2
38,17973,19367,19559,18240,17928,150,2,20000,1,0,0,0,0,0,-1,1699,1460,626,1750,150,0,1
32,672,10212,850,415,100,1430,1,140000,2,-2,-2,-2,-2,-2,-2,10212,850,415,100,1430,0,1
30,-81,-303,32475,32891,33564,34056,1,380000,2,-2,-2,-1,0,0,0,223,33178,1171,1197,1250,5000,2
63,422069,431342,479432,487066,471145,469961,1,480000,1,0,0,0,2,2,0,16078,55693,17000,0,18000,24200,1
22,44698,42254,38347,32496,23477,24094,3,50000,2,0,0,0,0,0,0,1767,1362,1002,840,995,904,2
26,56685,55208,59175,60218,55447,55305,2,60000,2,2,2,2,2,2,0,0,5000,2511,6,3000,3000,2
24,5580,0,0,0,0,26529,2,70000,2,-1,-1,-2,-2,-2,-1,0,0,0,0,26529,2000,2
36,6108,2861,3277,3319,1150,1150,2,80000,1,-1,-1,-1,-1,-1,-1,2861,3279,3319,1150,1150,1035,2
52,713,2272,722,867,1150,5263,1,350000,2,-1,-1,-1,-1,-1,-1,2272,722,867,1150,5263,5011,1
38,171438,178382,39940,120483,44127,126568,2,130000,2,0,0,0,-1,-1,-1,10908,0,133657,4566,133841,4796,1
35,-103,-103,-103,-103,-103,-103,2,360000,1,1,-2,-2,-2,-2,-2,0,0,0,0,0,0,1
31,105879,108431,105594,105896,106491,107289,1,330000,1,0,0,2,0,0,0,9260,0,3593,4100,15794,0,2
47,13244,14722,15181,15928,16671,17393,3,50000,1,0,0,2,0,0,0,2000,1000,1000,1000,1000,1000,1
41,135673,138532,134813,144401,152174,149415,2,280000,1,2,2,2,2,2,3,6500,0,14254,14850,0,5000,1
24,52128,52692,54477,56076,60100,59713,1,100000,2,0,0,0,0,0,0,2000,2677,3076,5080,3000,2033,2
41,19015,19294,20259,20274,20311,19957,2,50000,2,0,0,0,0,0,0,1340,1305,700,718,724,684,1
24,18199,17618,18631,21319,20692,21201,1,30000,2,-1,2,0,0,3,2,0,1312,3000,0,1000,1000,1
28,326,326,326,5676,476,326,1,240000,2,-1,-1,-1,-1,-1,-1,326,326,5676,476,326,526,1
26,14029,15493,16630,17055,17629,18186,2,80000,2,2,0,0,0,0,0,2000,1700,1000,1000,1000,1000,1
34,19660,9666,11867,7839,14837,7959,2,400000,1,-1,-1,-1,-1,-1,-1,9677,11867,7839,14837,7959,5712,1
38,50254,51445,53015,52479,1307,1203,2,240000,2,0,0,0,0,-1,-1,2000,3000,3000,1307,1203,563,2
37,46004,45976,48953,48851,49318,51143,3,50000,2,2,2,2,3,2,2,1000,4035,1000,1400,2800,0,1
40,0,0,0,0,0,0,1,450000,1,1,-2,-2,-2,-2,-2,0,0,0,0,0,0,1
48,0,0,0,0,0,0,1,110000,1,1,-2,-2,-2,-2,-2,0,0,0,0,0,0,2
35,304991,311243,306314,258610,246491,198889,2,310000,1,2,0,0,0,0,0,13019,11128,8407,8599,6833,5987,2
27,19115,18962,19298,19378,19717,15630,1,20000,2,0,0,0,0,0,0,1404,1130,600,861,313,0,1
23,0,0,0,0,0,0,2,20000,2,1,-2,-2,-2,-2,-2,0,0,0,0,0,0,1
52,110151,99530,98951,100914,103146,104993,3,200000,2,0,0,0,0,0,0,3568,3585,3602,3848,3669,3784,1
36,163736,116422,99278,95766,97753,95927,1,180000,1,0,0,0,0,0,0,4655,2690,2067,2142,2217,1000,1
51,3347,3899,4503,5347,6375,7077,2,50000,1,0,0,0,0,0,0,1000,1066,1300,1500,1200,134,1
55,60521,61450,57244,28853,29510,26547,3,60000,1,3,2,2,0,0,0,2504,7,1200,1200,1100,1500,1
23,4000,5645,3508,-27,13744,5906,1,30000,2,1,-2,-2,-2,-1,-1,5645,3508,27,13771,5911,3024,2
41,95,2622,3301,3164,360,1737,1,240000,2,1,-1,-1,0,0,-1,2622,3301,0,360,1737,924,1
34,253454,247743,229049,220951,210606,188108,2,420000,1,0,0,0,0,0,0,9744,9553,7603,7830,7253,11326,1
46,227389,228719,229644,227587,227775,228203,3,330000,1,0,0,0,0,0,0,8210,8095,8025,8175,8391,8200,1
22,28452,26145,26712,25350,17603,-780,2,30000,2,0,0,0,0,0,0,2000,1400,0,500,0,1560,2
34,10674,12035,13681,13269,14158,13891,2,240000,1,0,0,0,2,2,2,1500,1800,0,1000,0,327,1
27,17444,19342,22000,24614,27200,30229,1,150000,2,0,0,0,0,0,0,2500,3000,3000,3000,3500,5000,1
33,7166,7997,8792,9189,4404,5708,2,210000,1,0,0,0,0,0,0,1500,1500,1000,500,2000,546,2
51,752,300,5880,0,0,0,3,50000,1,-1,-1,-1,-1,-2,-2,300,5880,0,0,0,0,2
24,50801,50143,49586,19430,19375,18995,1,50000,2,0,0,0,0,0,0,2360,1700,1000,900,870,2130,1
47,0,0,0,0,0,0,1,240000,2,1,-2,-2,-2,-2,-2,0,0,0,0,0,0,1
28,1832,0,832,332,416,416,2,180000,2,-1,-1,-1,-1,-1,-1,0,416,332,500,3500,832,1
23,10131,10833,20583,19996,19879,18065,2,50000,2,1,2,2,2,0,0,1000,10000,400,700,800,600,1
29,12159,10000,10000,10000,9983,15846,2,170000,2,-2,-2,-2,-2,-2,-2,10000,10000,10000,9983,15863,10000,1
29,1199,15586,344,2340,6702,339,1,20000,2,-1,-1,-1,-1,0,-1,15586,344,2340,4702,339,330,1
28,4999,5913,7315,9195,10624,10138,1,50000,2,0,0,0,0,0,3,1000,1500,2000,1583,1100,0,1
27,19269,20313,20852,17560,17918,9100,2,170000,2,0,0,0,0,0,0,1661,1200,351,358,182,0,2
34,197236,176192,93069,135668,132233,59875,1,200000,2,1,2,0,0,0,0,8000,5000,55500,5000,5000,8500,1
23,9168,10522,10205,9898,10123,12034,2,80000,1,1,2,3,2,0,0,1650,0,0,379,2091,1,2
60,-1100,-1100,21400,0,969,869,1,260000,1,1,-2,-1,-1,-1,-1,0,22500,0,969,1000,0,2
32,86627,78142,68336,64648,58319,55251,2,140000,1,0,0,0,0,2,0,3455,3110,5000,0,2100,2602,1
25,42444,55744,43476,41087,41951,31826,1,80000,2,0,0,0,0,0,0,30000,3000,6000,8000,2000,14000,1
41,208,2906,1000,630,0,0,1,350000,2,1,-1,-1,-1,-1,-2,2906,1000,630,0,0,0,1
56,208775,182350,132257,101783,177145,169311,2,280000,1,0,0,0,0,0,0,8042,6700,5137,100000,7000,6321,2
26,9014,10406,11427,11935,13084,14206,3,30000,2,0,0,0,0,0,0,1700,1500,1000,1500,1500,1500,2
34,23944,28049,32073,43129,47086,48699,1,140000,1,0,0,0,0,0,0,5000,5000,11885,5000,3000,5504,1
37,105420,102870,89643,90938,92505,94031,1,200000,2,0,0,0,0,0,0,4000,3250,3250,3500,3560,5000,2
30,196031,196143,189524,167163,146975,122324,3,200000,2,0,0,0,0,0,0,7300,7108,7680,6200,5000,4500,2
45,115785,122904,129847,137277,145533,154105,3,210000,1,2,3,4,4,5,6,10478,10478,11078,11078,11678,10478,1
57,12854,12362,13447,13427,13711,14083,3,50000,1,3,2,0,0,0,0,0,1600,500,500,600,600,1
41,24357,27453,26718,28168,27579,28321,1,30000,2,2,2,2,2,2,0,3500,0,2200,0,1200,1250,1
27,390,390,780,216,1080,540,2,50000,2,2,-1,-1,-1,-1,2,390,780,216,864,0,390,1
47,1234,396,396,792,396,423,3,290000,1,-1,-1,-1,-1,0,-1,396,396,792,0,423,369,1
34,141223,156858,151841,152803,155997,160220,1,250000,1,0,0,2,0,0,0,17994,0,5469,5656,6811,3920,2
46,21148,23803,24908,26034,26655,27756,2,60000,1,0,0,0,0,0,0,3000,1500,1500,1000,1500,1500,2
27,101640,104795,104855,74737,76058,77254,1,110000,2,0,0,0,0,0,0,5500,3900,3000,2900,3000,2800,2
50,6093,15130,8204,15398,4792,13453,1,370000,2,-2,-2,-2,-2,-2,-2,15383,8204,15413,4792,13453,4699,1
27,102349,96847,58824,29336,22979,-246,2,100000,1,-1,2,2,0,0,0,3166,0,1330,1398,12,50000,1
35,72112,73854,75526,77317,85852,88290,2,90000,1,0,0,0,0,0,2,3500,3500,3652,10000,4000,0,2
22,28040,29092,29366,27737,28318,28806,2,50000,2,0,0,0,0,0,0,1510,1442,982,1017,1277,567,2
37,37695,33397,30534,27598,26344,24641,2,270000,2,0,0,0,0,0,0,5000,2000,3000,4000,3000,2000,1
30,688,3280,0,4340,2672,800,1,300000,2,-1,-1,-1,-1,-1,-1,3288,0,4340,2672,800,746,2
22,8567,15273,11650,7457,3115,7725,2,50000,2,-1,0,0,0,0,0,15000,1000,149,0,5000,10000,2
24,-709,-709,-709,-2898,-3272,-3272,1,50000,2,1,-2,-2,-2,-2,-2,0,0,0,0,0,0,2
29,0,0,77,0,0,0,1,360000,2,1,-2,-1,-1,-2,-2,0,77,0,0,0,0,1
56,64617,65978,67282,68557,72796,71345,3,130000,1,1,2,2,2,2,3,3000,3000,3000,5500,0,0,1
30,6187,100,600,1438,1919,5380,1,80000,2,-2,-1,0,0,0,0,504,500,1000,500,3500,0,1
30,48860,47801,48363,30221,22877,22361,2,50000,2,1,2,0,0,0,2,0,1500,1000,2000,0,2000,1
22,16001,12622,13221,13130,14034,14906,2,20000,2,0,0,0,0,0,0,1212,1201,500,1500,1500,1000,2
29,77883,81811,80250,61467,10662,11486,2,80000,1,0,0,2,0,0,0,5800,1000,600,400,1000,0,2
37,12212,26578,25331,26605,26279,1256,1,240000,2,-1,-1,2,0,0,-1,15000,0,2000,0,1256,65935,1
35,49608,12412,14873,17364,17770,17460,3,80000,2,0,-1,0,0,0,0,12500,6500,3000,2000,3000,2000,2
47,56422,110616,110340,122967,108834,70064,1,500000,1,0,0,0,0,0,0,70010,30357,30000,20000,52183,20000,2
24,58024,57891,48839,18971,19323,19395,2,60000,1,0,0,0,0,0,0,2500,1600,3000,1000,737,2000,2
25,10642,11677,13070,12280,1615,1620,2,20000,2,0,0,0,0,0,-1,1200,1593,601,135,1824,0,1
38,14483,13961,15323,16268,15868,16448,2,100000,1,1,2,0,0,2,0,0,1600,1500,0,1000,1500,2
32,2616,57077,5287,68445,13881,16240,1,360000,2,1,-1,-1,-1,-1,-1,57087,5295,68454,13889,16250,38313,2
47,199436,202947,193936,196186,200162,189915,3,200000,2,2,2,2,2,2,2,8214,7000,6800,7134,0,6836,2
34,0,5396,10270,13576,13864,14636,2,130000,1,1,-1,0,0,0,0,5396,5000,3500,501,1000,2000,2
31,21703,21087,21461,20835,20219,20487,2,20000,2,1,5,4,4,3,2,0,1000,0,0,760,0,2
32,59901,62147,62102,65875,60387,43328,1,310000,2,0,0,0,0,0,0,10020,6031,10057,5028,5060,4223,1
27,19625,20347,21669,23005,22499,22873,1,60000,2,2,0,0,0,2,0,1342,1664,2000,0,900,846,2
29,11386,199,0,0,17227,17042,1,180000,2,-1,-1,-1,-2,-1,0,199,0,0,17227,341,5114,2
24,14670,22087,21282,10200,0,0,1,180000,2,-1,-1,2,0,0,-2,37867,0,200,0,0,0,2
36,47790,18114,18250,-14,72,658,2,50000,1,0,0,0,0,-1,-1,2000,1000,2000,500,1000,20011,1
24,36166,37188,37680,38462,39228,40035,1,50000,2,1,2,2,2,2,2,1900,1400,1700,1532,1600,0,2
34,0,0,0,116,0,1500,2,150000,1,-2,-2,-2,-2,-2,-2,0,0,116,0,1500,0,2
22,18553,19446,19065,8332,18868,19247,1,20000,2,0,0,0,0,-1,0,1500,1032,541,20000,693,1000,2
34,412,138,2299,1251,1206,1151,1,500000,1,-2,-2,-2,-1,-1,-1,138,2299,1251,1206,1151,15816,2
22,29010,29256,28122,29836,1630,0,3,30000,2,1,2,2,0,0,0,1000,85,1714,104,0,0,2
38,750,0,0,0,0,0,1,180000,1,-2,-2,-2,-2,-2,-2,0,0,0,0,0,0,2
31,27123,27299,17985,20225,27407,10833,1,140000,2,0,0,2,0,0,2,25000,0,3000,7800,0,2500,1
26,13424,18000,13001,5818,13506,487,1,140000,2,-1,0,-1,-1,-1,-1,10000,13001,5841,13506,487,7004,2
26,107314,110578,113736,116000,119131,122135,2,120000,2,0,0,0,0,0,0,5000,5000,4152,5000,5000,5000,1
48,226430,231878,234192,190211,173557,146511,2,360000,1,0,0,0,0,0,0,9100,7300,5800,5600,5600,4100,2
43,227,20351,20237,19339,19450,19337,3,20000,1,-1,-1,0,0,0,0,22359,1305,1258,1459,3457,1700,1
47,390,1473,390,390,390,0,1,100000,1,-1,-1,-1,-1,-1,-1,1473,390,390,390,0,2380,1
41,3088,1586,343,3763,877,0,2,210000,1,-1,-1,-1,-1,-1,-1,1586,343,3763,877,0,419,2
24,81625,81554,79599,49552,49509,49568,2,80000,2,0,0,0,0,0,0,3200,3000,2038,2000,1800,1800,2
50,8872,4337,2854,1690,0,1709,1,330000,1,-1,-1,-1,-1,-2,-2,4345,2854,1702,0,1709,258,2
24,105607,108917,111520,8303,0,85632,1,220000,2,0,0,0,-1,-1,-1,5000,5050,8303,0,85632,0,1
38,0,0,250,123,789,1222,1,210000,1,1,-2,-1,0,-1,-1,0,250,0,789,1222,9616,2
43,38257,38901,38103,36207,33138,31339,3,40000,1,0,0,0,0,0,0,1700,1504,1200,1500,1500,1000,2
39,28347,28108,18388,12992,7736,8032,2,30000,2,0,0,0,2,0,0,3036,2309,0,1000,2000,148,1
27,296573,303320,307843,479978,305145,309959,2,470000,2,2,2,2,2,0,0,13000,11001,0,10484,10838,10367,1
42,390,390,390,240,1320,780,3,30000,1,-1,-1,-1,-1,-1,2,390,390,240,1470,0,0,1
36,-946,-946,-946,-946,-946,-946,2,240000,1,1,-2,-2,-2,-2,-2,0,0,0,0,0,0,2
36,79278,78501,78534,80016,76235,78245,2,80000,2,2,0,0,0,0,0,3100,3500,3400,3000,3500,3000,1
31,89989,84229,79288,73315,63818,63208,3,110000,0,0,0,0,0,0,0,4000,5000,3000,3000,3000,8954,2
38,1424,4542,126,0,0,0,1,310000,2,-1,-1,-1,-1,-2,-2,4542,126,0,0,0,0,2
40,105167,115468,112157,114690,117845,120238,1,360000,1,2,2,2,0,0,0,12000,0,5900,5000,4500,4700,2
45,335196,334954,335527,333860,335760,330121,3,330000,2,0,0,0,0,0,0,12388,12378,12116,12450,12213,11678,2
35,291619,297268,205629,215827,208464,212508,2,300000,2,0,0,0,0,0,0,12019,9006,17000,12000,9557,15000,2
33,91653,94037,108597,65913,43805,33263,2,320000,2,0,0,0,0,0,0,10042,18832,2117,2076,5045,3754,2
37,52626,51537,49205,30394,30249,29957,3,50000,2,1,3,2,0,0,0,0,24,1500,1000,1201,30592,2
28,130370,131199,128900,125514,127280,128839,1,170000,2,0,0,0,0,0,0,6530,4860,22500,4820,4877,4962,2
44,3265,2686,1864,569,0,0,3,350000,1,-1,-1,-1,-1,-1,-2,2686,1864,569,0,0,0,1
37,16455,16511,18902,18768,18650,19175,2,20000,1,0,0,0,0,0,0,1609,3000,663,676,834,782,1
23,49758,48456,44116,21247,20066,18858,2,50000,2,2,0,0,0,0,0,2401,2254,2004,704,707,1004,1
24,19154,18165,17233,7630,1730,0,3,20000,2,1,2,0,0,0,0,0,1333,500,100,0,3200,2
24,35084,35796,30937,19420,10385,1308,1,50000,2,0,0,0,0,0,0,2090,2002,1002,238,1011,389,2
23,20235,17132,16856,16875,13454,10104,2,20000,2,1,2,0,0,2,0,0,1200,1000,0,1000,10000,1
26,102800,0,0,2624,45567,46557,2,50000,1,0,0,-2,-1,-1,0,0,0,2624,45567,1747,2000,1
34,129801,131383,134379,142323,140120,150052,2,190000,2,2,0,0,0,2,2,5000,5000,10000,0,12118,2769,1
33,58203,36367,20934,20694,20175,19421,2,60000,1,0,0,0,0,0,0,1506,1298,1000,721,811,599,2
35,7988,3977,6848,1719,1378,19942,1,80000,2,-1,-1,-1,-1,-1,-1,3983,6853,1719,1378,19942,2418,1
27,127402,110050,51547,44384,36900,29497,2,150000,2,0,0,0,0,0,0,4500,1745,1566,1208,1077,2529,2
31,1440,0,7422,893,6082,2293,1,210000,2,-2,-2,-2,-2,-1,-1,0,7422,893,6082,2293,3299,2
50,234205,231669,214642,207642,210375,214694,3,240000,1,0,0,0,0,0,0,10116,9150,8008,8000,8009,7714,2
41,19346,21708,22940,19068,16409,16383,2,140000,3,0,0,0,0,0,0,3000,2000,2198,1000,3000,2399,2
28,21501,20650,0,0,0,2285,1,60000,2,1,2,2,-2,-2,-1,0,0,0,0,2285,0,2
39,47174,47974,48630,50803,30789,15874,1,50000,2,0,0,0,0,0,0,1800,2000,3000,2000,2000,2000,1
27,26655,27724,28676,27990,28790,29399,2,50000,2,0,0,0,0,0,0,1800,1750,900,1200,1200,1100,2
32,3139,5853,2821,0,2821,0,1,180000,2,-1,-1,2,2,-1,-1,2821,0,0,2821,0,176,2
40,142,215,139,19,19,79,1,30000,2,-1,-1,2,2,2,2,355,120,0,0,60,60,2
40,19816,20396,20102,19575,0,0,2,20000,2,0,0,0,0,0,-2,1601,2203,2114,0,0,0,2
75,52874,1631,1536,1010,5572,794,2,250000,1,0,-1,-1,-1,-1,-1,1631,1536,1010,5572,794,1184,2
27,37767,34457,30036,30337,30997,32904,2,100000,2,0,0,0,0,0,0,1788,1799,1100,1150,2423,0,2
25,46140,45781,48139,51137,39450,25358,1,330000,2,0,0,0,0,2,0,2504,4007,5056,74,1023,2566,1
46,35713,15392,16099,16418,16765,17484,3,50000,1,0,0,0,0,0,0,1561,1268,587,611,1000,2000,1
26,50867,51486,48869,30115,29527,29998,2,50000,2,1,2,2,0,0,0,1710,136,1206,2002,2005,3003,2
28,29242,29507,29155,25255,22001,0,2,30000,2,0,0,0,0,0,0,5006,1244,851,955,0,0,1
26,101551,105246,104781,105334,107699,106828,2,140000,2,0,0,0,0,0,0,5366,5087,3605,3894,3785,3304,2
28,70243,47779,28052,7222,99669,84426,1,160000,2,0,0,0,0,-1,0,7042,2000,1000,99669,12600,10000,2
29,19532,3719,1453,4944,1896,2486,2,400000,2,-1,0,-1,-1,-1,-1,3127,1469,4968,1905,2494,862,2
25,27699,28513,29341,29928,29533,28538,2,50000,1,0,0,0,0,0,0,1565,1393,980,994,1024,886,1
48,1154,1233,862,1355,1130,21361,2,140000,1,0,-1,-1,-1,-1,-1,1233,1075,1355,1130,21361,1347,2
33,8015,2453,9624,52572,7333,2210,2,160000,1,-1,-1,-1,-1,0,-1,2453,9880,52572,1546,2210,0,2
43,62170,0,0,0,0,0,3,100000,1,0,0,-2,-2,-2,-2,0,0,0,0,0,0,2
48,210380,213522,201852,169115,172169,162402,1,220000,1,2,0,0,0,0,0,10000,9020,6000,5500,6000,5500,1
29,78331,99414,107686,103776,87265,36739,1,510000,2,0,0,0,0,0,0,40010,20094,5000,5001,25365,65000,2
29,49276,35100,32563,27823,29130,28309,2,50000,2,0,0,0,0,0,0,1602,1400,3000,3130,1062,6318,1
38,4473,4664,5969,18941,16578,12652,1,160000,1,-1,-1,-1,-1,2,-1,4664,5969,18941,0,12652,1916,2
37,2283,50815,0,0,299,338,1,230000,2,-2,-2,-2,-2,-2,-2,51315,0,0,299,338,0,2
37,10115,249,5986,188,1644,16872,1,80000,2,-1,-1,-1,-1,-1,-1,258,5995,188,1644,16872,4000,2
25,6156,0,0,316,316,316,2,150000,1,-1,-1,-2,-1,-1,-1,0,0,316,316,316,316,2
23,6974,7838,9002,9182,9729,9411,3,10000,2,0,0,0,0,0,2,1134,1298,478,847,0,175,1
49,89003,91362,72197,49654,28065,27500,3,130000,2,0,0,0,0,0,0,4100,3095,1630,561,600,0,2
48,34871,34449,33634,34586,34762,35673,1,40000,2,0,0,0,0,0,0,1600,1600,1500,1500,1500,1500,2
27,13694,14880,14242,13968,14319,2614,2,50000,2,3,2,2,0,0,-1,1700,0,426,501,2614,1390,1
32,70003,31545,20974,19713,19848,18126,3,100000,2,0,0,0,0,0,0,2035,2004,616,2007,1009,2015,1
34,1082,632,1350,900,450,0,1,120000,1,-1,2,-1,0,0,0,0,1350,0,0,0,450,1
58,0,0,0,0,0,0,1,260000,2,1,-2,-2,-2,-2,-2,0,0,0,0,0,0,2
33,11253,12852,14024,14512,16325,11905,2,200000,2,0,0,0,0,0,0,2000,1322,2000,2000,1200,3000,2
28,0,0,0,0,0,0,2,360000,2,-2,-2,-2,-2,-2,-2,0,0,0,0,0,0,2
36,68699,69120,68376,30163,14310,15085,2,70000,2,0,0,0,0,0,0,4483,12496,3268,3000,3000,2000,2
40,171,2715,-13,2641,-10,22535,1,460000,1,2,-1,-1,-1,-1,-1,2728,0,2654,0,22545,0,1
26,1156,316,316,316,316,316,1,50000,2,-1,-1,-1,-1,-1,-1,316,316,316,316,316,316,2
33,50859,50462,50654,20046,20067,19703,3,50000,1,0,0,0,0,0,0,2007,2199,691,707,703,697,1
31,103109,102594,97109,99029,100871,101299,2,250000,1,0,0,0,0,0,0,4000,4500,5000,4000,5000,4400,2
27,1512,2458,664,1814,0,0,1,30000,2,0,0,-1,0,0,-2,1000,664,1500,0,0,0,2
44,127543,109189,92630,69669,44149,43414,2,270000,1,0,0,0,0,-1,-1,10063,5162,10150,44299,43509,31031,1
30,163935,153152,147032,122196,103692,70204,3,180000,2,0,0,0,0,0,0,7722,6091,3563,3605,3000,3211,2
28,53494,52656,52600,52336,55831,56265,1,100000,2,0,0,0,0,0,0,4173,3000,2025,5000,3000,3000,2
32,195126,88743,92195,94814,98182,98457,3,230000,1,0,0,0,0,0,0,5000,5000,5000,5000,4000,5000,2
46,110346,41986,21874,20076,16171,586,1,210000,1,-1,-1,-1,-1,-1,-1,41986,21874,20076,16171,586,19777,2
38,60502,62804,62769,62683,63663,46549,1,210000,2,2,0,0,0,0,0,3276,2026,2000,2000,2000,2502,1
46,180641,181557,149944,113135,105280,97622,2,440000,1,0,0,0,0,0,0,8610,6907,3727,3800,4001,2701,2
25,70896,71678,70125,69856,69718,51365,2,100000,2,2,0,0,0,0,0,3472,2092,2000,2127,1960,1559,2
46,8751,9900,10605,10765,11765,4311,2,240000,1,0,0,0,0,0,0,1295,1000,1000,1000,1000,1000,2
33,898,898,325,898,325,-339603,1,280000,2,-1,-1,-1,-1,-1,-1,898,325,898,325,0,345293,1
22,0,0,0,0,0,0,2,50000,2,1,-2,-2,-2,-2,-2,0,0,0,0,0,0,2
43,1700,2610,1914,2182,2000,2566,2,30000,1,3,2,2,2,2,2,1100,0,300,0,600,0,1
27,7015,10227,9560,9901,9963,10182,2,10000,2,0,0,2,0,0,0,3507,0,500,370,393,700,1
29,0,0,0,0,0,0,1,130000,2,1,-2,-2,-2,-2,-2,0,0,0,0,0,1500,1
31,194353,197344,186292,133345,133634,133990,1,200000,2,0,0,0,0,0,0,9000,7465,4715,4804,5141,5300,1
29,1686,657,2179,1423,0,1820,2,120000,1,-1,-1,-1,-1,-1,-1,657,2319,1423,0,1820,2496,2
36,143225,142996,144415,148190,147993,131629,2,210000,1,0,0,0,0,0,0,6483,5082,6000,5900,4544,4700,2
36,58983,60788,63225,29701,30172,30771,1,280000,1,0,0,0,0,0,0,2755,3463,1300,1100,1100,2000,2
34,0,0,13001,12601,19595,203,1,300000,2,1,-2,-1,0,-1,-1,0,13001,0,19595,203,0,1
37,99209,98222,67185,66926,66796,64513,2,100000,2,0,0,0,0,0,0,3490,2332,2314,2365,2497,2305,1
36,0,0,0,0,0,0,1,440000,2,-2,-2,-2,-2,-2,-2,0,0,0,0,162000,0,2
40,49941,51213,12104,12898,13687,14458,3,50000,1,0,0,0,0,0,0,2400,1206,1000,1000,1000,1000,2
25,11968,14564,27820,15824,15761,12510,1,20000,2,0,0,2,0,0,0,2800,0,4000,1700,1000,2000,2
27,871,665,960,4242,4084,7414,1,200000,2,-1,-1,-1,0,0,0,665,960,3908,1014,3500,2880,2
26,432,3220,5704,1256,1848,400,2,110000,2,-2,-2,-2,-2,-2,-2,3220,5904,0,3000,0,0,2
36,10483,23956,0,8500,4590,0,2,500000,1,-1,-1,-1,-1,-1,-1,23962,0,8500,4590,0,0,2
27,0,5215,0,0,0,0,2,300000,1,1,-1,-1,-2,-2,-2,5215,0,0,0,0,0,2
55,9720,10613,11339,12841,13836,14514,3,30000,1,2,2,2,3,3,4,1200,1200,2000,1500,1500,1500,1
27,20847,13801,14366,4889,273,11736,1,60000,2,-1,-1,-1,-1,-1,-1,13809,14583,4889,273,13557,0,2
38,3697,3600,1354,5322,5103,2077,2,400000,1,-1,0,-1,-1,0,-1,1000,1354,5322,6,2386,9085,2
34,143301,146333,147042,127814,130331,132845,2,180000,1,0,0,0,0,0,0,7000,5000,5000,4900,5000,5100,2
40,10934,13738,16567,10411,13057,14340,1,20000,2,0,0,0,2,0,0,3000,3100,0,3000,1500,0,1
49,52439,51040,56205,54723,58657,59983,3,200000,1,-1,2,2,2,0,0,0,6000,0,5000,2286,3000,2
27,55734,52557,33415,28776,17580,6441,1,100000,2,0,0,0,0,0,0,1631,1286,200,645,909,200,1
23,49507,33282,34312,17277,17808,19346,2,60000,2,0,0,0,0,0,0,1970,2000,618,809,2000,616,1
36,47819,48947,50330,50894,52175,53652,2,110000,2,0,0,0,0,0,0,2200,2500,2000,2100,2500,2200,2
53,0,165,526,452,397,485,3,260000,1,1,-1,-1,-2,-2,-1,165,526,452,397,485,459,2
46,48522,50955,29516,29742,29898,24883,3,50000,1,3,2,2,0,0,0,3754,1,1070,1030,863,654,2
29,-2,-2,-2,-2,-2,-2,2,180000,2,1,-2,-2,-2,-2,-2,0,0,0,0,0,0,1
29,58362,56598,51908,48647,47862,47969,2,110000,2,1,2,2,0,0,0,2500,0,2000,2000,1854,2000,1
27,172180,180140,166281,155628,145645,103263,1,340000,2,0,0,0,0,0,0,21105,5461,5000,5849,2732,50000,2
24,1399,2441,3865,7476,8384,8085,2,50000,2,-1,0,0,0,0,0,1070,1500,3666,2477,1306,1000,1
28,26361,18826,1100,2100,767,6173,2,230000,1,0,0,0,-2,-1,-1,1710,1100,1000,767,6173,1000,2
32,93029,94054,91834,95631,100123,100738,2,360000,2,0,0,0,0,0,0,10000,7000,10000,10000,10000,10000,2
43,0,0,38013,40555,45075,37056,2,210000,2,1,-2,-1,0,0,0,0,38013,3000,5000,3000,3000,1
41,650,650,325,950,475,325,2,220000,1,-1,2,2,-1,2,-1,325,0,950,0,325,325,2
34,24898,27976,27233,30184,29566,30225,2,60000,1,2,2,2,2,2,0,3800,0,3720,0,1300,1291,2
55,50396,44665,8300,2190,24599,7416,2,340000,1,-2,-1,-1,-2,-2,-2,44665,8321,2190,24599,7416,77195,1
40,99855,102586,100064,104975,107147,109428,1,150000,1,2,2,2,2,2,2,5200,0,8100,4000,4200,4200,1
37,-179,505,189,6773,23209,16893,2,200000,1,1,-1,2,-1,-1,-1,1000,0,6900,24000,17000,2500,2
40,9559,12394,11883,9826,10167,12685,2,130000,2,0,0,2,0,0,0,3000,0,500,500,2700,500,2
28,10540,10232,11237,11427,20973,31857,1,60000,2,1,2,0,0,0,0,0,1483,673,10000,11540,7000,2
43,0,0,0,0,1600,78388,2,400000,1,1,-2,-2,-2,-1,-1,0,0,0,1600,78388,0,2
27,20571,19089,19658,19453,19108,18868,1,20000,2,0,0,0,0,0,0,1323,1600,830,700,674,376,1
28,143464,146943,151905,153538,156664,160361,1,190000,2,0,0,0,0,0,0,5795,7408,5645,5753,6370,5865,2
30,156882,160246,159988,158114,158762,159108,1,260000,2,0,0,0,0,0,0,10000,8000,6000,7000,7000,6000,2
31,390,0,0,0,0,0,2,140000,2,-2,-2,-2,-2,-2,-2,0,0,0,0,0,0,2
31,46512,47716,49675,30929,30078,29170,2,50000,1,0,0,0,0,0,0,1974,4406,1061,1073,1046,1047,2
34,882,6531,6313,1100,1330,830,1,120000,2,-1,-1,0,-1,-1,-1,6900,5037,1100,1330,3800,2037,2
30,92,92,92,0,92,0,2,240000,2,-2,-2,-2,-2,-2,-2,92,92,0,92,0,1883,2
36,5916,6172,4123,680,978,978,2,50000,2,0,0,0,0,-1,0,1212,1200,0,978,0,0,1
29,2393,183,4847,20183,24815,24248,1,200000,2,-1,2,-1,-1,-1,2,0,4872,20183,5000,0,1000,2
39,274731,281713,242063,122295,-1005,1005,1,180000,1,0,0,-1,0,0,-1,11000,145000,26000,0,101005,1898,1
26,145403,138232,130553,105894,108248,106517,1,180000,2,0,0,0,0,0,0,5440,5051,3835,4106,4250,4028,2
29,3097,-707,-2697,2303,6182,1654,1,160000,2,-1,-1,-2,-1,0,0,0,0,5000,5000,1500,13000,2
26,1370,4192,4159,3542,1980,3980,2,100000,2,-1,-1,-1,0,0,0,4210,4159,1000,1080,2000,1525,2
29,47081,49316,50409,45545,39963,41145,2,50000,2,0,0,0,0,0,0,3000,2000,2000,2000,2000,2000,2
31,138119,137950,140254,139679,141748,142174,2,140000,2,0,0,0,0,0,0,6600,6500,5100,5300,6000,5000,2
26,17893,19012,20123,20222,20796,19844,2,30000,2,0,0,0,0,0,0,1411,1522,621,795,715,1000,2
26,39128,20473,1940,1940,0,23101,1,90000,2,0,0,-1,0,0,-1,1541,4200,0,0,23101,3000,1
36,-14386,-13543,3432,-3684,0,1386,1,200000,1,1,-2,-1,-1,-2,-1,10118,47015,0,4000,100000,10000,1
30,0,0,0,0,0,0,1,380000,2,1,-2,-2,-2,-2,-2,0,0,0,0,0,0,1
43,77057,78102,58501,51042,19036,19414,2,80000,2,0,0,0,0,0,0,3177,2600,3000,1691,695,882,2
58,15899,18720,18122,18530,19089,18856,3,50000,1,2,2,2,0,0,2,3400,0,1000,1001,634,638,1
45,27679,28422,29650,29981,30419,31127,2,180000,1,-1,0,0,0,0,0,1481,2000,1100,1200,1500,1500,1
26,141315,128940,124226,113133,113966,103360,2,240000,2,0,0,0,0,0,0,6349,5834,3870,4000,3825,3520,2
34,194314,179206,193992,174675,171253,169121,2,380000,2,0,0,0,0,0,0,9010,35000,5000,6000,5000,4400,1
24,83755,77431,79044,80631,82333,84462,4,110000,2,0,0,0,0,0,0,3000,2900,2900,3000,3500,4000,2
34,49657,291,51058,2351,34039,291,1,260000,1,-1,-1,-1,-1,-1,-1,291,51058,35696,34039,291,291,1
23,507726,509229,499936,505507,484612,419643,2,500000,2,4,3,2,0,0,0,10000,0,14000,16500,16000,19000,2
30,71305,71151,72029,72849,74374,74610,2,320000,2,0,0,0,0,0,0,2589,2568,2570,2661,2781,2500,2
32,45734,44741,43562,44039,45008,25775,2,50000,2,4,3,2,0,0,0,0,0,1262,1358,1275,1590,1
40,0,0,2066,2000,216,216,1,110000,1,1,-2,-1,0,-1,-1,0,2066,0,216,216,66,1
35,761,300,399,665,576,613,1,230000,2,-2,-2,-2,-2,-2,-2,300,399,665,576,613,520,2
56,-9,1520,1488,0,3965,8676,2,330000,1,1,-1,-1,-2,-1,-1,1529,1507,0,3965,8676,384,2
61,47166,49396,50476,23319,23171,24774,2,50000,1,0,0,0,0,0,0,3000,2237,975,1000,2000,1039,2
24,2887,1923,2989,2813,2008,2132,2,10000,2,-1,2,2,2,0,0,0,1500,0,0,150,0,1
40,0,0,0,0,0,0,1,300000,1,1,-2,-2,-2,-2,-2,0,0,0,0,0,0,1
32,20631,20010,19703,11084,10918,10985,2,20000,1,3,2,0,0,0,0,0,1168,384,390,632,616,2
36,83538,0,0,0,0,0,2,180000,1,2,2,-2,-2,-2,-2,0,0,0,0,0,0,1
30,99,2977,15086,8578,13028,21712,1,160000,2,-1,-1,-1,-1,-1,-1,2977,15086,9123,13028,29712,50000,1
34,34302,35089,43449,42451,49718,48767,1,90000,2,0,0,0,2,2,2,1640,9000,0,8000,0,2000,2
54,22987,22298,22352,23221,24339,25943,3,30000,3,0,0,0,0,0,0,2500,2000,1500,4000,2000,0,1
46,173267,174590,175233,106288,28089,178719,1,180000,1,0,0,0,0,0,0,8100,5299,3305,5040,160719,7000,1
58,19143,20168,21229,21495,21800,22437,3,30000,1,0,0,0,0,0,0,1640,1700,915,800,1000,1961,1
43,20518,19901,20905,21509,25183,24242,2,30000,1,1,2,0,0,0,2,0,1342,946,4200,0,1000,1
28,10833,14446,7609,4991,3400,3745,1,140000,2,-1,0,0,-1,-1,-1,14000,3855,4991,3600,5500,4000,2
30,69937,71906,43308,44584,47842,49888,1,210000,2,0,0,0,0,0,0,3500,3000,2000,4000,3000,10000,1
31,20526,15129,15093,9577,11139,12487,2,50000,2,0,0,0,0,0,0,2000,3000,327,3000,3000,5000,1
29,89055,90780,70947,72367,73875,75355,2,130000,2,0,0,0,0,0,0,4200,2575,2600,2674,2701,5750,2
37,1894,3200,3381,3559,1948,2415,2,50000,1,2,2,2,0,0,0,1500,400,200,500,500,400,2
36,100594,78372,91502,90859,88616,88450,3,140000,1,0,0,0,0,0,0,3000,30000,4000,4000,3400,3300,1
28,2948,3848,5646,5464,5577,5889,2,170000,2,-1,0,0,2,0,0,1105,1903,0,296,500,95,2
25,22619,31429,27923,25280,0,0,2,80000,2,0,0,0,0,0,-2,10010,1209,579,0,0,6305,1
42,338106,342904,344464,240865,234939,240176,5,410000,1,0,0,0,0,0,0,15000,14000,9000,8500,9000,8300,2
29,0,80000,0,0,0,0,1,80000,2,1,-1,-1,-2,-2,-2,80000,0,0,0,0,0,2
73,63144,65631,68875,70646,72870,75018,3,80000,1,-1,0,0,2,2,2,3500,4330,3500,3500,3500,5100,1
43,153249,154049,156523,159653,162866,157759,2,150000,1,0,0,0,0,0,0,7900,6500,5700,5700,5700,5334,1
30,1131,291,582,291,0,291,1,260000,1,-1,-1,-1,0,0,-1,291,582,0,0,130291,651,1
38,0,0,0,0,0,0,1,350000,1,1,-2,-2,-2,-2,-2,0,0,0,0,0,0,1
39,-1312,35918,37297,37154,32581,33316,2,280000,1,1,-1,0,0,0,0,38621,2000,1130,922,1011,5000,2
44,103797,91989,87720,76218,72090,71620,2,310000,1,0,0,0,0,0,0,4400,4013,3011,3000,3001,2653,1
29,20110,17102,18862,19996,21214,21085,2,140000,2,0,0,0,0,0,0,3000,3000,3000,3500,2000,2000,2
51,38000,25000,0,0,0,0,1,360000,1,-1,-1,-1,-2,-2,-2,25000,0,0,0,0,0,1
27,142428,144105,143952,142590,142650,142620,1,140000,2,0,0,0,0,0,0,10000,10000,6000,6000,6000,5600,2
38,40810,42653,42351,43011,43011,28947,1,100000,2,0,0,0,0,0,0,2502,1200,860,0,579,0,1
22,0,0,0,848,0,632,2,50000,2,-2,-2,-2,-2,-2,-2,0,0,848,0,632,0,2
30,104701,106134,108423,91143,82733,74125,2,210000,1,0,0,0,0,0,0,4002,5000,3500,3000,2700,5000,2
25,120298,120822,109887,116313,119311,117167,2,120000,2,2,2,2,2,2,2,4007,0,8272,5000,0,4400,2
29,156362,132280,99174,65372,28797,184922,1,240000,2,0,0,0,0,0,-1,5233,3289,2072,3018,184922,6100,1
42,41322,29091,28097,28665,28768,29064,3,60000,3,0,0,0,0,0,0,1488,1394,962,1500,2541,2000,2
41,1464,2084,384,0,2344,822,1,150000,2,-1,-1,-1,-1,-1,2,2091,384,0,2344,0,472,1
48,27879,28870,27806,25142,25667,26179,2,30000,1,0,0,0,0,0,0,1774,1710,1046,1079,1089,2244,1
29,160432,163916,159676,166893,170098,153800,1,160000,2,2,2,2,2,2,2,7500,0,11558,5800,0,5654,2
52,3858,2690,3410,0,0,82150,1,200000,1,-2,-2,-2,-2,-2,-2,2690,3487,0,0,85900,396,1
25,26476,21393,0,0,0,0,2,120000,1,0,0,0,-2,-2,-2,6000,0,0,0,0,0,2
37,507062,491956,430637,376657,356636,303510,1,500000,1,1,2,0,0,0,0,325,15296,12137,12312,14113,10526,1
27,55607,62893,59001,61565,59508,66541,1,320000,2,0,0,0,0,0,0,11404,8232,10450,9697,16477,11341,2
31,168382,175646,180650,182672,168399,167983,1,280000,2,0,0,0,0,0,0,10000,8000,6371,6217,5947,6288,1
23,29332,28577,30805,31601,32349,32965,1,60000,2,1,2,2,2,2,2,0,2709,1600,1400,1300,1200,2
38,190,0,0,367,-150,-150,1,200000,1,-1,-1,-2,-1,-1,-2,0,0,367,150,0,0,2
32,0,0,2809,4595,792,3404,1,230000,1,1,-2,-1,-1,-1,-1,0,2809,4606,792,3404,0,2
27,13668,12647,13135,10596,9218,5068,2,230000,2,1,2,0,0,0,0,0,1064,423,313,1000,4641,2
41,14867,26665,199960,9033,19371,22593,3,480000,1,-2,-2,-2,-2,-2,-2,26734,199982,9033,19371,22593,2000,2
35,22500,5000,0,0,0,0,3,50000,1,-1,-1,-1,-2,-2,-2,5000,0,0,0,0,640,2
31,7184,14845,1097,0,0,160,1,200000,2,-2,-2,-2,-2,-2,-2,17507,1102,0,0,160,1103,2
30,14811,16262,17286,17895,19450,18990,1,50000,2,0,0,0,0,0,2,2000,1600,1200,2000,0,1000,2
48,44338,43048,35639,18753,19091,19548,2,50000,1,0,0,0,0,0,0,3629,3332,2000,2000,2000,2500,1
36,0,0,0,0,0,0,1,260000,2,1,-2,-2,-2,-2,-2,0,0,0,0,0,0,2
24,25265,26354,27710,27959,30002,29371,1,30000,2,2,0,0,0,0,2,1500,1800,1007,2500,0,1800,1
29,169661,167199,158520,156977,157963,151936,1,440000,2,0,0,0,0,0,0,8071,9021,7013,6013,6028,6010,2
38,10237,2795,1350,371,2980,0,2,230000,2,-1,-1,-1,-1,-1,-1,2795,1350,371,2980,0,2213,2
38,104978,105924,102663,97090,98045,105253,2,200000,1,2,2,2,0,0,0,4500,0,3500,3500,9000,0,1
30,192586,197967,201666,205798,196698,190306,2,490000,1,0,0,0,0,0,0,10000,7143,7306,6303,6429,6000,2
32,11262,0,0,0,0,0,2,80000,1,-1,-1,-2,-2,-2,-2,0,0,0,0,0,0,2
49,9551,12081,13087,12583,15327,16414,3,20000,2,2,2,2,2,0,0,3000,1500,0,3123,1500,1000,2
31,199,199,199,398,199,199,1,170000,2,-1,-1,-1,-1,0,-1,199,199,398,0,199,398,2
27,70119,68536,66601,29401,28949,29795,1,70000,2,0,0,0,0,0,0,3600,1646,600,28468,1327,1000,1
33,212601,177946,119362,117766,68791,66167,2,210000,2,0,0,0,0,0,0,6000,4500,5000,3000,3000,3000,2
25,91894,71732,73241,74424,76070,77648,2,90000,2,0,0,0,0,0,0,3200,3300,3000,3001,3000,3100,2
27,304867,299998,300426,292869,292885,281826,1,390000,2,0,0,0,0,0,0,13007,10612,10041,11000,10512,7000,2
29,48123,49537,50422,50990,52014,53206,1,110000,2,0,0,0,0,0,0,2500,2500,2000,2000,2057,2500,2
36,159760,162189,166127,169365,168755,167964,1,580000,1,0,0,0,0,0,0,6422,6565,5951,6006,5894,5946,2
55,9210,8485,17231,1770,0,0,3,360000,1,0,0,-1,-1,-1,-2,6015,17454,1775,0,0,0,1
32,234752,233036,229286,217644,223690,221413,2,270000,1,1,2,2,2,2,2,10000,8000,0,16000,8000,0,2
27,14072,0,0,300,150,150,1,60000,2,-1,-1,-2,-1,2,-1,0,0,300,0,150,200,2
37,61807,62499,62162,60605,60272,60145,3,110000,1,0,0,0,0,0,0,2300,2200,2300,2200,2300,2300,1
25,51044,50231,46677,44982,21399,20859,1,50000,1,0,0,0,0,0,0,2500,3008,1000,761,800,704,2
23,77024,73281,57806,37642,46235,47110,1,80000,2,0,0,0,0,0,0,3212,1600,956,40000,1800,1700,2
23,350,350,400,1695,12645,12584,2,50000,2,-1,-1,-1,-1,0,0,350,400,1695,11300,485,2400,1
32,83831,85586,87289,91451,93381,89522,1,100000,2,0,0,0,0,2,2,4000,4037,6500,3500,0,3200,1
26,0,0,945,0,197,2995,1,30000,2,1,-2,-1,-1,-1,-1,0,945,0,197,2995,0,2
27,122923,124653,126355,114881,117213,124793,1,200000,2,0,0,0,0,0,0,5704,5930,4000,4003,10033,4400,2
44,246135,231443,234557,200643,194410,198857,1,240000,2,0,0,0,0,0,0,12026,9010,7400,8000,8000,7000,1
34,37304,33304,29254,24875,20329,15602,2,220000,2,0,0,0,0,0,0,1600,1500,1100,1000,600,500,1
28,146433,107604,89902,90983,82255,83988,1,160000,2,0,0,0,0,0,0,4500,4400,3000,2400,2500,2500,2
53,46122,1260,29366,5400,0,1599,1,180000,1,-1,-1,-1,0,0,-1,1260,29366,54,0,1599,0,2
42,38564,38246,32253,30384,30900,0,4,200000,1,0,0,0,0,0,0,5000,1485,1956,1500,0,2102,1
30,96304,98007,82227,65000,60848,58880,3,140000,1,0,0,0,2,0,0,4505,12906,0,2210,2300,5200,2
51,0,0,0,0,0,0,1,380000,1,1,-2,-2,-2,-2,-2,0,0,0,0,0,0,1
53,467150,458862,469703,447130,440982,434715,1,600000,1,2,2,0,0,0,0,0,18000,16000,16000,21000,20000,1
37,255691,262736,36638,122388,127402,131074,2,260000,2,0,0,0,-1,0,0,14000,5022,130000,7000,6000,6000,1
26,156786,179,1443,1443,1443,871,1,200000,2,0,0,-2,-2,-2,-2,179,1443,1443,1443,871,2015,2
42,78129,28202,78553,49340,48919,48443,2,80000,2,0,0,0,0,0,0,2500,51432,1800,1800,1800,1700,1
39,40034,36549,17431,15031,10600,5315,2,40000,2,0,0,0,0,0,-1,2027,1207,301,212,5315,4987,1
39,71034,69329,74175,72383,77217,75820,3,130000,2,1,2,2,2,2,2,0,6000,0,6000,0,6000,1
32,23974,24131,25326,25775,0,0,1,50000,2,-1,0,0,0,0,-2,1800,1900,1300,0,0,0,1
41,819,18163,5473,8162,6985,9130,2,230000,1,-1,-1,-1,-1,-1,-1,18163,5654,12887,6985,9130,6554,2
48,50927,39883,32017,17630,9730,6400,2,70000,1,0,0,0,0,0,-1,2100,1217,500,0,6400,4590,1
38,152510,151651,159019,123022,126075,126219,2,180000,1,0,0,0,0,0,0,5657,10372,5000,5000,5000,5000,2
36,1689,8638,5702,2980,1260,7868,2,80000,1,-1,-1,-1,-1,-1,-1,8638,5723,2980,1260,7868,2198,2
26,20807,99860,100000,3015,23473,1448,2,290000,2,0,0,0,-1,-1,0,80000,3000,3015,23473,1148,4900,2
28,30141,131255,110503,99283,97599,96116,1,230000,2,0,0,0,0,0,0,120093,8034,3013,4010,5882,3000,2
56,0,0,1991,0,0,150,3,170000,3,1,-2,-1,-1,-2,-1,0,1991,0,0,150,614,2
59,208459,206331,203813,201331,198999,191671,1,230000,1,-1,0,0,0,0,0,7536,7277,7100,7120,6844,6945,1
38,212795,211043,212759,218541,167743,165300,1,220000,2,0,0,0,0,0,0,8909,7500,9000,6729,6000,7009,1
32,28114,28006,25000,22046,19860,19831,2,230000,2,0,0,0,0,0,0,1610,1224,655,627,620,500,1
38,59372,49677,49515,42568,48268,51481,2,500000,1,0,0,0,-1,0,0,10026,7241,50091,25000,5078,2132,1
41,6160,3274,6190,307,2870,670,1,90000,1,-1,-1,-1,-1,-1,-1,3276,6246,307,2870,670,1362,2
35,355215,363325,373181,252195,257496,263018,3,390000,2,0,0,0,0,0,0,13802,16525,8893,9229,10000,9435,2
41,366193,372700,375948,195991,152127,155182,2,400000,2,0,0,0,0,0,0,14020,13595,6243,6007,6061,6012,2
34,2927,2790,1140,2144,1180,1382,2,180000,1,-1,-1,-1,-1,-1,-1,2790,1140,2144,1180,1382,2440,1
38,29295,30321,31018,32193,34213,35002,3,60000,1,1,2,2,0,0,2,1800,1500,2000,2700,1500,0,1
32,4158,2682,0,6440,0,5930,2,120000,1,-1,-1,-1,-1,-1,-1,2682,0,6440,0,5930,5120,2
29,27199,28358,28937,29614,30391,23159,2,60000,2,0,0,0,0,0,0,1900,1400,1000,1100,1000,420,2
44,50893,28527,29241,28513,29106,29638,1,50000,2,0,0,0,0,0,0,1800,1500,1200,1203,1166,1000,1
37,66759,68200,72972,71248,50610,50809,2,70000,1,0,0,0,2,0,0,2518,5950,0,1782,1985,2700,2
38,600,300,501,300,600,450,1,500000,1,-1,2,-1,-1,-1,0,0,501,300,600,300,600,2
31,0,0,0,0,0,0,1,200000,2,-2,-2,-2,-2,-2,-2,0,0,0,0,0,0,1
40,44930,137101,90801,0,1069,919,2,250000,1,0,0,0,0,-1,2,120041,4435,0,1069,0,67619,2
26,131367,146193,140202,144035,140419,130271,2,140000,2,0,0,2,2,2,2,17000,0,11400,550,5300,5400,1
28,41264,41799,37887,37876,6736,4162,2,70000,2,0,0,0,0,-1,2,2112,1200,758,6736,0,0,2
48,77604,73317,71334,67009,63228,59378,3,90000,1,1,2,2,2,2,2,1700,4000,1600,1600,1500,4086,1
43,2491,1709,574,556,2306,2562,2,100000,1,-1,-1,-1,-1,-1,-1,1709,574,556,2306,2562,2111,2
31,177554,180633,172914,130139,115494,117465,2,190000,1,0,0,0,0,0,0,7600,6303,4137,3502,4027,3517,1
42,6865,15111,13165,0,10500,6992,1,230000,1,-1,-1,-1,-1,-1,-1,15111,13165,0,10500,6992,0,2
39,93768,91523,91579,91193,92837,95323,2,320000,1,0,0,0,0,0,0,3317,3506,4218,5000,6080,938,1
36,396,1648,792,396,396,396,2,220000,1,-1,-1,-1,0,-1,-1,1648,792,0,396,396,792,2
34,16426,6088,4663,3885,4414,2514,1,260000,1,-1,-1,-1,-1,-1,-1,6277,4663,4140,4414,2646,7725,2
32,573,0,0,0,0,0,2,90000,2,-2,-2,-2,-2,-2,-2,157,0,0,0,0,0,2
43,28703,26622,24022,24368,20859,19633,2,30000,1,2,2,2,2,2,0,1300,2,1608,0,900,800,2
30,98560,100980,222102,108724,68500,69174,2,260000,2,0,0,0,2,0,0,4000,11900,207,2003,2003,2003,1
28,28304,17616,308,0,0,0,2,170000,2,0,0,-1,-1,-2,-2,4000,308,0,0,0,0,2
28,8574,9434,10038,10040,10400,10490,1,80000,1,0,0,0,0,0,0,1203,1047,248,408,294,276,2
41,508,672,226,390,220,320,1,50000,1,-1,-1,-1,-1,-1,-1,1000,390,1000,220,640,1000,1
47,203183,202961,194449,196814,200526,198717,3,200000,2,0,0,0,0,0,0,7521,7000,7000,7128,8000,7100,2
23,16440,20417,18333,18848,30190,19664,2,20000,2,0,0,2,0,0,0,7403,0,820,1025,1113,104,1
49,66,0,0,120,-6,1639,1,250000,1,-1,-1,-2,-1,-1,-1,0,0,120,6,1645,0,2
38,15912,17272,20565,20705,20255,19933,1,20000,1,0,0,0,2,2,0,1623,3916,750,0,800,850,1
38,20344,21705,22537,24161,25128,24576,2,30000,1,0,0,0,0,2,2,2000,1500,2000,1500,0,1200,2
35,23132,22474,28067,27320,31199,30548,2,90000,1,1,2,2,2,2,2,0,6000,0,4500,0,2000,2
46,221590,227397,230302,186635,189896,193351,6,230000,2,0,0,0,0,0,0,10000,9000,8000,8000,7500,7000,2
33,19161,20544,22704,22304,22304,0,1,130000,1,0,0,0,0,0,0,2000,3000,0,0,0,0,2
53,0,0,0,0,0,0,6,30000,1,-2,-2,-2,-2,-2,-2,0,0,0,0,0,0,1
35,396,396,396,0,792,1220,1,160000,2,-1,-1,-1,-1,-1,-1,396,396,0,793,1220,0,1
43,3959,0,285138,249445,222831,200,2,500000,2,-1,-1,-1,0,0,-1,0,285138,4989,100,200,528666,2
28,42238,38741,36696,35813,37893,34661,2,180000,2,0,0,0,0,0,2,2500,2000,1128,2500,0,2000,2
30,21507,13207,13997,10914,10685,5515,2,80000,1,0,0,0,0,0,2,1700,1400,200,1000,0,500,2
26,884,0,0,10446,0,0,1,120000,2,-1,-1,-2,-1,-1,-2,0,0,10446,0,0,0,1
31,1261,1261,1261,1411,930,390,2,130000,1,-1,-1,-1,-1,-1,2,1261,1261,1411,930,0,780,1
35,240,240,240,240,240,240,2,120000,2,-1,-1,-1,-1,-1,-1,240,240,240,240,240,240,2
28,20223,52962,3978,1743,2828,50537,1,360000,2,-1,-1,-1,-1,-1,-1,53228,3997,1750,2853,51041,3219,1
23,29509,30741,31438,31924,32566,33081,2,50000,2,2,2,2,2,2,2,2000,1500,1300,1300,1200,1500,1
23,18355,20259,19534,16467,15746,13246,2,20000,2,0,0,2,0,0,0,2900,10,577,430,1017,4,2
56,94265,53376,85787,78762,79529,80335,3,100000,1,0,0,-1,0,0,0,2385,88678,2169,2634,3132,732,1
32,68739,67629,69188,68392,69884,71284,3,70000,1,0,0,0,0,0,0,3060,3300,2610,2750,2750,5500,1
47,13917,16695,21320,18614,19003,19439,2,50000,1,0,0,0,0,0,0,3000,5000,2000,618,679,500,1
22,10250,8558,10525,10050,9903,9984,2,10000,2,1,2,0,0,0,0,0,2126,390,328,476,1287,2
34,93844,97708,103066,104864,110151,115297,1,290000,1,0,0,0,0,0,0,6000,7000,5000,7000,7000,7000,2
31,16496,17522,18531,18744,19291,19818,1,30000,1,0,0,0,0,0,0,1597,1606,819,1000,1000,1623,2
27,-58,32991,36465,44310,62408,61420,2,410000,2,1,-1,0,0,0,0,33049,16000,8700,18775,15000,5350,2
28,1210,820,64644,125984,106584,125557,1,360000,2,-1,-1,-1,0,0,-1,390,75720,62520,17000,132200,167000,1
42,111496,112133,69529,70804,70781,66735,2,140000,1,0,0,0,0,0,0,6022,3021,5012,5112,3000,5000,2
32,67374,69489,70937,71761,73505,74827,1,210000,2,0,0,0,0,0,0,3200,3200,2600,2900,2700,3000,2
27,1692,13250,433,1831,0,2891,2,220000,2,-1,-1,-1,-1,-1,-1,13250,433,1831,0,2891,153504,2
27,18649,18066,19040,19446,20759,20241,2,20000,2,1,2,0,0,0,2,0,1594,1000,1606,0,300,1
45,160837,156839,160440,163781,167159,170894,2,620000,1,2,2,0,0,0,0,0,6200,6000,6000,6500,6000,2
26,-8,-8,-8,-8,1677,2600,1,360000,2,1,-2,-2,-2,-1,-1,0,0,0,1685,2613,0,1
21,18763,14410,13771,362,5308,0,2,20000,2,-1,-1,2,2,-1,-1,14410,0,28,22073,0,0,2
23,34549,18552,19334,18165,19322,19575,2,50000,2,0,0,0,0,0,0,2836,1200,13000,1500,9000,1000,1
30,97538,49187,17518,17710,18079,18302,2,50000,3,0,0,0,0,0,0,2454,1588,780,803,673,637,1
46,4073,6394,6143,6908,6652,6785,2,10000,2,0,0,2,2,2,0,2400,0,871,0,244,251,1
50,53849,55030,61574,62470,61198,62524,3,100000,1,2,0,0,3,3,2,2050,7500,2500,0,2500,2500,2
26,2411,3059,2333,1800,1620,0,1,50000,2,-2,-2,-2,-2,-2,-2,3068,2440,1807,2204,0,0,1
25,480,1675,3630,578,4825,6200,2,60000,2,-1,-1,0,-1,-1,0,1675,2500,578,4825,2000,2435,1
35,330759,337794,274075,252584,216547,179221,1,440000,2,0,0,0,0,0,0,13100,11000,10000,9000,7100,5500,2
44,92007,87939,82094,59105,53442,46775,2,120000,1,0,0,0,0,0,0,5417,2847,2066,1919,2200,0,1
52,3257,4166,0,0,318,0,1,50000,2,0,0,0,-2,-1,-1,1000,0,0,318,0,0,2
40,92638,90905,95768,97004,99005,101213,2,110000,1,1,2,2,2,2,2,600,7300,3700,3700,4000,3800,2
38,399,0,0,0,218,270,1,200000,2,-1,-1,-2,-2,-1,-1,0,0,0,218,270,317,2
28,0,0,0,0,0,318,1,150000,2,1,-2,-2,-2,-2,-1,0,0,0,0,318,0,2
36,28778,28039,28286,27533,28189,28805,2,30000,1,2,3,2,2,0,0,0,1000,0,1100,1100,1500,2
24,30092,30486,30178,29735,14718,29427,1,100000,2,0,0,0,0,-1,-1,1553,5000,87,14761,29514,330,2
34,12339,10138,23912,9785,166,2142,1,360000,1,-1,0,0,-1,0,-1,10000,13912,9785,0,2142,4230,2
31,50620,43220,44237,46495,47751,51941,1,390000,2,0,0,0,0,0,0,5000,3000,3000,2000,5000,5000,2
41,-65,-65,-65,-65,-65,-200,1,220000,1,1,-2,-2,-2,-2,-2,0,0,0,0,0,0,2
25,0,0,0,0,0,0,2,160000,2,-2,-2,-2,-2,-2,-2,0,0,0,0,0,0,2
28,2403,7357,9752,12608,10797,20539,1,230000,2,-1,-1,0,0,0,0,7357,2566,3000,1000,10000,2000,2
27,52437,50473,45087,35424,31760,31214,1,120000,2,0,0,0,0,0,0,5024,5000,5000,4000,5000,3500,1
52,4657,6068,6418,6781,6144,7638,3,100000,1,0,0,2,2,2,0,1500,1000,1000,0,2000,2000,1
41,28204,0,16500,0,26854,554,1,190000,2,-1,-1,-1,-1,-1,-1,0,16500,0,26854,500,0,2
56,50715,51073,28185,28842,30399,29977,1,50000,1,0,0,0,0,0,0,2500,1500,1100,2000,1500,1017,1
42,0,6370,0,0,0,0,1,240000,1,1,-1,-1,-2,-2,-2,6370,0,0,0,0,0,2
24,35285,36714,37356,38184,38724,37255,2,40000,2,-2,-2,-2,-2,-2,-2,2000,1600,1401,1607,1800,1751,2
47,37850,68187,1207,2632,8654,0,2,630000,1,0,0,0,-1,-1,-2,38187,1207,2632,8654,0,4981,2
33,5233,5393,1824,350,150,199,1,160000,1,-2,-2,-2,-2,-2,-2,5401,1829,350,150,199,1145,2
32,65299,74565,78516,79829,81603,83206,2,110000,2,0,0,2,2,2,2,11000,5800,3200,3200,3100,3000,2
29,17208,18419,0,0,0,0,2,20000,2,0,0,0,-2,-2,-2,2055,0,0,0,0,0,1
53,57192,58472,59658,60466,61593,65163,3,210000,1,0,0,0,0,0,0,2800,2753,2400,2255,4767,0,2
34,5780,12006,15736,6621,2457,14923,1,270000,2,-1,-1,0,-1,-1,-1,12006,5736,6621,2457,14923,1712,1
52,640,2113,-6,999,944,-3,2,360000,2,-2,-2,-2,-2,-2,-2,2231,0,1005,948,0,789,2
42,631,2790,1758,416,416,3640,2,60000,1,-1,-1,-1,-1,-1,-1,2790,1758,416,416,3640,730,2
38,108351,111201,63146,63723,65108,66078,2,360000,2,-1,0,0,0,0,0,8005,8004,5000,5000,5000,105700,1
45,834,155,-1690,4240,3346,2698,1,390000,2,2,2,2,-1,2,2,1,1693,6940,7,1230,3,2
35,7244,8472,1738,6706,2391,11082,3,250000,2,-2,-2,-2,-2,-2,-2,8514,1751,6739,2403,11137,13407,2
24,13141,14526,15482,18219,22737,23387,1,90000,2,0,0,0,0,0,0,1600,1500,3000,5000,1020,764,2
28,7071,401,3545,10540,10132,6220,1,360000,2,-1,-1,-1,-1,-1,-1,1510,3575,10573,10155,6240,16071,1
26,35429,30626,30241,20284,19166,19567,3,50000,2,0,0,0,0,0,0,1537,1947,800,1000,718,683,1
40,18751,5706,0,0,0,0,1,270000,1,0,0,0,-2,-2,-2,1000,0,0,0,0,0,2
29,55788,8360,4897,5065,19468,0,1,200000,2,1,-1,-1,-1,-1,-1,8394,4927,5089,19561,0,125,2
23,49809,50364,38429,18815,18305,19013,2,50000,2,0,0,0,0,0,0,2040,2766,1690,1000,1000,1000,2
33,10900,10478,-22,-22,-22,4532,1,350000,2,-1,-1,-1,-2,-2,-1,10530,0,0,0,4554,0,1
60,3128,5156,1089,489,3177,1009,2,160000,2,-2,-1,-1,0,-1,-1,5156,1089,0,3177,1009,0,2
49,3367,4641,2290,1459,6764,7601,3,80000,1,-1,-1,-1,-1,-1,-1,4641,2290,1459,6764,7601,7990,2
53,279610,282024,282508,284660,255892,238266,1,290000,1,2,0,0,0,0,0,13000,10200,10265,8803,8300,8546,1
28,475,475,5691,37526,50565,48888,1,270000,2,-1,-1,-1,0,0,0,475,5691,34000,14000,8000,15000,2
31,5994,32223,8308,4082,538,4085,1,80000,2,-1,-1,-1,-1,2,-1,13647,8314,4082,0,4085,0,1
36,5197,6015,6615,7131,6987,6980,2,50000,2,0,0,0,0,0,0,1300,1100,1000,500,500,1000,1
35,7797,2687,8762,3377,2000,0,2,30000,1,-2,-1,-1,-1,-1,-2,2687,8765,3390,2040,0,0,1
28,0,780,0,0,0,0,2,30000,2,1,-1,-1,-2,-2,-2,780,0,0,0,0,0,1
33,35785,29155,27485,29266,35598,38449,2,90000,2,-1,0,0,0,0,0,15155,5485,5263,8598,5449,6537,1
26,1433,3746,30258,1036,21572,9528,1,160000,2,-1,-1,-1,-1,-1,-1,3757,30348,1044,21636,9556,6066,1
53,77766,77954,78512,60452,61556,54022,3,80000,2,0,0,0,0,0,0,4000,2374,2007,2500,3000,2000,2
42,50300,50898,49111,48943,45775,0,2,50000,2,0,0,0,0,0,0,2200,1600,1700,1700,0,0,1
25,14603,15661,16394,16723,18056,17618,1,20000,2,0,0,0,0,0,2,1600,1300,600,1600,0,800,2
43,0,0,0,0,0,0,1,220000,1,1,-2,-2,-2,-2,-2,0,0,0,0,0,0,1
25,8817,23634,21776,9631,1561,1990,3,210000,2,-1,-1,2,-1,-1,-1,23776,0,9631,1561,1990,7967,1
29,131575,130931,132969,45584,46516,47455,2,130000,2,0,0,0,0,0,0,6700,6000,1291,1319,1336,1365,2
31,5841,23194,62361,67057,17024,18659,2,260000,1,-1,-1,0,0,-1,-1,23194,50000,11500,17024,18659,38923,2
30,30341,25981,24092,65840,56538,51522,1,230000,1,0,0,0,-1,0,0,5000,5000,65840,2000,2000,10000,2
34,83255,83912,85161,85715,86773,87526,1,160000,2,0,0,0,0,0,0,4000,3924,3200,3300,3425,3013,1
35,34976,6018,13930,7106,6020,9011,1,50000,1,0,0,0,0,0,0,1127,1074,215,249,4383,172,1
32,48747,45955,44989,41358,42379,38052,2,80000,1,0,0,0,0,0,0,2145,1844,2009,5017,2000,5002,1
46,56700,57875,59044,59756,61004,62213,3,110000,2,0,0,0,0,0,0,2681,2724,2287,2362,2374,2454,1
43,144678,140804,136437,135253,134629,134309,1,200000,1,0,0,0,0,0,0,5090,5014,5009,4844,5002,4902,1
29,268112,263368,259969,255832,245462,250244,2,360000,2,0,0,0,0,0,0,9429,8738,7017,7154,7073,7300,1
31,0,0,0,0,0,0,3,210000,2,1,-2,-2,-2,-2,-2,0,0,0,0,0,0,2
24,79243,75254,58683,58886,60035,57264,2,80000,2,2,0,0,0,0,0,3249,3000,5000,2500,2300,2200,2
36,-475,5191,4606,2303,2768,65373,2,300000,1,-1,-1,2,0,-1,-1,10000,0,0,2768,65373,10780,2
43,23396,24182,25135,25095,25356,25514,2,310000,1,0,0,0,0,0,0,1426,1379,867,898,933,807,2
59,390,390,390,390,390,1320,3,30000,1,-1,-1,-1,-1,-1,-1,390,390,390,390,1320,0,1
53,17862,17927,18800,17647,18015,12930,1,170000,1,0,0,0,0,0,0,1323,1196,544,563,629,361,1
28,26450,28823,28171,28740,30454,29930,2,140000,2,2,2,2,0,0,2,3007,0,924,2070,0,3000,2
31,0,0,0,0,0,0,2,180000,2,1,-2,-2,-2,-2,-2,0,0,0,0,0,1576,2
34,22746,22099,24121,23437,25101,24549,1,50000,2,1,2,2,2,2,2,0,2700,0,2200,0,1030,1
36,9214,10359,7350,7500,0,0,2,50000,1,0,0,0,0,0,-2,1351,1500,150,0,0,0,2
24,40882,35428,39680,44097,42543,33189,1,110000,2,0,0,0,0,2,0,2000,5000,5000,0,2000,3000,2
36,3996,9120,8528,0,6368,3000,3,450000,1,-2,-2,-2,-2,-2,-2,9120,8528,0,6368,3000,3238,2
34,390,390,390,561,390,390,2,200000,1,-1,-1,-1,-1,-1,-1,390,390,561,390,390,390,2
43,44177,25736,19292,18900,13580,33150,1,220000,2,0,0,-1,-1,-1,-1,1006,32906,18900,13580,33150,0,1
29,3280,0,0,0,0,2650,1,360000,2,0,0,-2,-2,-2,-1,0,0,0,0,2650,0,2
37,48226,48727,46228,46755,43686,44573,2,50000,1,0,0,0,0,0,0,2000,1684,1601,2000,2000,2000,1
23,36650,29541,26190,26710,27274,29551,2,40000,2,2,2,0,0,0,0,0,1435,955,993,2734,0,1
37,115049,117856,119570,116284,123528,125478,2,190000,1,1,2,2,2,2,2,6000,5000,0,9000,4000,5000,2
33,21724,23168,23320,24085,24149,3323,1,150000,2,0,0,0,0,0,0,2100,1200,965,64,509,8399,1
37,0,0,0,0,595,0,1,200000,1,1,-2,-2,-2,-1,-1,0,0,0,595,0,2370,2
56,137807,123769,104377,106651,109294,101151,2,270000,1,0,0,0,0,0,0,5000,5000,3953,4500,4000,3900,2
25,58839,53235,38533,39639,39619,39140,1,60000,2,0,0,0,0,0,0,2018,1900,2000,1500,1900,2000,1
39,80833,79100,70764,71629,70805,70718,2,200000,1,0,0,0,0,0,0,3315,3088,2572,2559,2526,2620,2
39,36146,36184,37511,33080,30223,31561,2,150000,1,0,0,0,0,0,0,3000,3000,3000,2500,2000,2000,2
28,340,-120,420,460,460,610,2,180000,2,-1,-1,-1,-1,-1,-1,0,1000,500,460,610,460,2
27,7624,0,0,0,0,0,1,90000,2,0,0,-2,-2,-2,-2,0,0,0,0,0,0,2
37,0,0,0,0,166,541,2,360000,1,1,-2,-2,-2,-1,-1,0,0,0,166,543,4268,2
24,491,0,0,0,0,0,1,90000,2,-1,-1,-2,-2,-2,-2,0,0,0,0,0,0,2
24,13168,13888,14900,15916,15519,15829,2,20000,2,0,0,0,0,2,0,1237,1249,1265,0,568,1327,2
46,60040,55274,51766,51757,50013,49946,1,70000,1,0,0,0,0,0,0,2600,1800,2000,3140,2000,1800,1
39,660,660,660,660,660,660,1,230000,1,-1,-1,-1,-1,-1,-1,660,660,660,660,660,660,1
48,29434,28960,29022,29201,29553,29693,3,30000,1,0,0,0,0,0,0,1465,2000,1033,1200,1055,530,1
45,4430,7182,3855,3411,6788,9921,3,200000,3,-1,-1,-1,-1,-1,-1,7193,3855,3411,6788,9921,5016,2
49,1440,0,0,0,0,0,3,100000,2,-1,-1,-2,-2,-2,-2,0,0,0,0,0,0,1
23,26795,28056,29284,30487,33831,33138,2,50000,2,0,0,0,0,0,2,2000,2000,2000,4000,0,2000,2
25,16591,16442,6401,4300,1304,0,3,20000,1,0,0,0,0,0,-2,1155,1000,0,1304,0,0,2
47,0,0,0,0,0,0,2,210000,1,-2,-2,-2,-2,-2,-2,0,0,0,0,0,0,2
56,46486,35758,34323,30452,22628,23468,3,110000,1,0,0,0,0,0,0,4086,1428,1318,2171,3198,4976,1
44,550,228,0,228,0,0,3,20000,1,-1,-1,-1,-1,-1,-2,228,0,228,0,0,0,2
49,5630,6629,5918,6918,6941,4756,3,50000,1,0,0,0,0,0,0,1107,1000,1000,1500,2150,0,2
41,21986,21520,20979,19894,18811,18805,2,50000,1,0,0,0,0,0,0,1362,1294,682,680,694,618,1
40,60125,1981,4521,20472,76933,173599,1,400000,2,-1,-1,-1,-1,-1,0,1981,4521,20500,77000,100000,7700,2
31,56364,58132,59171,55888,53672,51461,2,170000,2,0,0,0,0,0,0,3000,3000,2000,3000,3000,3000,1
42,148363,148432,151310,141937,144990,147911,2,280000,1,0,0,0,0,0,0,6900,6867,5500,5500,5500,5600,1
28,100143,50456,50000,0,0,0,3,130000,1,0,0,0,0,-2,-2,2500,1000,0,0,0,0,2
32,46255,50486,54019,58091,61630,65576,2,210000,2,0,0,0,0,0,0,5000,5000,5000,4500,5000,5000,2
28,276436,239025,149128,48907,53025,51434,2,370000,2,0,0,0,0,0,0,20000,13000,5000,10000,4000,6000,1
31,29493,19433,18782,19006,19637,21251,2,30000,1,0,0,2,0,0,0,3200,0,742,1000,2000,0,2
39,214450,147280,150000,0,-5000,0,3,150000,2,1,-1,-1,-2,-2,-2,5180,5000,0,0,5000,0,1
31,35369,35320,0,0,0,0,3,60000,1,2,0,0,-2,-2,-2,1027,0,0,0,0,0,1
24,77615,77303,66396,55639,56873,58390,2,80000,2,0,0,0,0,0,0,3100,2586,2000,2500,3000,2500,2
44,186149,181779,192189,195517,199250,195874,2,280000,1,2,2,2,2,2,2,0,15000,8000,7000,0,15000,2
46,21075,20795,20206,19617,18737,18148,2,20000,2,8,7,6,5,4,3,0,0,0,0,0,0,2
32,0,0,1100,300,-200,-200,1,270000,2,-2,-2,-2,-2,-2,-2,0,1100,300,0,0,0,1
26,14348,7500,7816,7500,7500,14497,2,240000,2,0,0,-1,-1,-1,-1,1000,7816,7500,7500,14497,500,2
22,20137,20179,18067,18666,19115,19547,1,20000,2,0,0,0,0,0,0,1300,1301,900,900,900,1600,2
42,-200,-200,0,42000,0,0,1,450000,1,1,-2,-2,-1,-1,-2,0,200,42000,0,0,0,2
33,8177,9131,9669,7624,8049,6857,2,10000,2,0,0,0,0,0,0,2500,1145,1000,1000,1000,1500,1
39,2082,3557,5623,5400,3866,3526,2,280000,1,-2,-2,-2,-2,-2,-2,3597,5672,5427,3885,3543,3519,1
27,13820,15614,16293,7760,2000,0,3,290000,2,0,0,0,0,-1,-1,2000,1300,0,2000,1000,0,2
28,46923,48666,49347,50386,43883,34412,1,190000,2,0,0,0,0,0,0,2500,2000,3000,2000,2000,2000,2
23,53261,38091,19744,14556,0,1460,1,80000,2,0,0,0,0,0,-1,4500,2011,3105,0,1460,0,2
28,427,298,1179,1714,2875,1047,2,280000,2,-1,2,-1,-1,0,-1,0,1179,1714,1290,1047,1000,2
33,14150,8106,12431,12145,13391,7957,1,160000,1,-2,-2,-2,-2,-2,-2,8106,12431,12145,13391,7957,1905,2
40,42856,44925,0,787,1457,0,2,90000,1,0,0,0,-1,-1,-1,3114,0,787,1457,0,0,1
37,1034,40000,0,0,0,510,1,140000,2,-1,-1,-1,-2,-2,-1,40000,0,0,0,510,0,2
22,5137,5960,6270,6000,5810,390,1,50000,2,0,0,0,0,0,-1,1300,1000,120,200,390,1170,1
32,24114,25417,28777,29107,29693,30456,2,40000,1,0,0,0,2,2,2,2000,4110,1100,1200,1400,0,2
43,130067,129385,96775,98071,97743,100124,3,130000,1,0,0,0,0,0,0,5540,4403,3814,3562,4021,3681,2
27,61611,62711,63695,63926,67361,59480,3,70000,1,0,0,0,0,0,2,3011,3095,2000,4600,0,2258,2
35,25078,25538,25880,25873,26157,26918,2,30000,1,0,0,0,0,0,0,1500,1387,893,1000,1501,2000,2
35,97002,102698,97997,103384,97266,101492,3,100000,1,1,2,2,2,2,2,8200,0,8000,0,8600,0,2
30,5766,7511,7678,7318,7458,7598,1,20000,1,2,2,2,0,0,0,2000,500,0,500,500,0,2
34,99568,32326,31840,37075,37662,36904,2,30000,2,2,-1,2,2,2,2,33000,33000,5810,1325,0,3095,2
34,12857,14183,14890,15642,16387,17113,2,20000,1,0,0,0,0,0,0,1541,1248,1000,1000,1000,1000,1
28,96193,82342,81967,82177,78840,79261,1,100000,2,2,0,0,0,0,0,3600,3800,3000,3000,3023,3000,2
25,2400,2400,2400,2400,2400,1800,2,30000,2,2,2,7,7,7,6,0,0,0,0,0,0,1
41,97797,99672,101953,102284,104090,105859,1,320000,1,0,0,0,0,0,0,4520,5050,3590,3700,3750,3510,2
42,64762,63164,32789,31641,29240,28306,3,90000,2,2,2,2,2,2,2,0,2900,0,2500,0,1300,1
40,145613,156765,159386,161870,165725,169928,2,190000,2,2,2,2,2,2,2,15000,6600,6500,6500,7000,7000,1
28,71989,122129,147936,149573,152574,156323,1,200000,2,0,0,0,0,0,0,52129,30000,6000,6000,7000,10000,1
31,3345,1083,4339,7423,4059,2508,2,300000,2,-1,-1,-1,-1,0,-1,1087,4355,7423,0,2508,4141,2
56,29033,17013,7024,7024,7024,7024,1,30000,2,-1,0,0,-2,-2,-2,1283,7024,7024,7024,7024,7024,2
45,26650,20787,20566,21158,22141,22158,2,110000,3,0,0,0,0,0,0,1532,2000,783,3000,2000,2000,2
29,0,0,1024,0,0,0,1,230000,2,-2,-2,-2,-2,-2,-2,0,1024,0,0,0,0,2
35,4259,5432,6182,0,0,0,1,230000,1,0,0,0,0,-2,-2,1250,1000,0,0,0,0,2
28,106468,108955,112374,54762,58189,57170,2,310000,2,0,0,0,0,0,0,8000,6000,5000,5000,4000,5000,2
40,247276,241167,238196,231580,229683,235837,1,320000,1,0,0,0,0,0,0,10000,10000,10000,19000,13000,8000,1
47,1548,-32,177639,174397,4852,4125,1,360000,1,-1,-1,-1,0,-1,-1,0,177671,3508,4876,4188,10007,1
41,780,0,732,642,1252,643,3,20000,1,-1,-1,-1,0,0,0,0,732,300,1000,500,1000,2
27,162671,166202,161973,167201,161327,171863,2,170000,2,0,0,0,0,0,0,7500,6000,10000,7000,16000,6200,2
40,123049,125616,129695,130735,133467,136287,1,140000,1,0,0,0,0,0,0,4310,5913,4426,4580,4770,4767,1
32,51372,51872,47593,43882,42256,42527,2,80000,2,0,0,0,0,0,0,1853,1700,1522,1548,1488,1500,1
35,60015,72227,51364,54340,0,2129,2,150000,2,0,0,0,-1,-1,-1,20000,30000,54340,0,2129,0,1
27,1170,780,0,0,0,0,2,170000,2,-1,2,2,-2,-2,-2,0,0,0,0,0,0,1
29,159398,156955,132144,119136,122211,125021,2,200000,1,2,0,0,0,0,0,6163,4530,4500,5000,5000,5000,2
30,55664,59529,57571,57871,60872,59329,1,70000,2,0,0,2,0,0,2,5800,0,2250,4500,0,2500,1
37,43528,498,429,14257,5417,2967,2,320000,1,-2,-2,-2,-2,-2,-2,500,431,14328,5439,2980,5028,1
29,0,0,0,0,0,0,1,150000,2,-2,-2,-2,-2,-2,-2,0,0,0,0,0,0,2
34,27966,28539,11597,6611,7349,7570,1,50000,1,0,0,0,-1,0,0,1267,1553,7511,1000,343,1000,2
34,8792,7500,0,0,0,0,2,90000,2,-1,2,2,-2,-2,-2,0,0,0,0,0,0,2
41,28026,41302,51500,35752,3955,13969,1,280000,1,-2,-2,-2,-2,-1,0,41346,52110,35752,3955,13939,4437,1
31,43610,43280,36156,30305,30155,561,1,300000,2,0,0,0,0,2,-1,1655,1797,750,0,561,500,2
40,0,8235,0,0,1524,0,2,400000,2,-2,-2,-2,-2,-1,-1,8235,0,0,1524,0,385,2
27,5780,105,105,0,7384,8588,1,200000,1,-1,-1,-1,-1,-1,-1,105,105,0,7384,8588,1304,2
22,8109,9778,8259,0,0,0,3,10000,2,0,0,0,0,-2,-2,2000,1036,0,0,0,0,2
30,52515,51424,49967,20036,20076,37615,2,50000,3,1,3,2,0,0,0,0,0,2000,1000,1000,1600,2
22,22582,26518,25814,25110,24569,26357,2,30000,3,1,2,4,3,2,2,4600,0,0,0,2200,2500,2
26,15448,16392,18096,18425,18619,19060,1,50000,2,-1,0,0,0,0,0,1500,2000,1500,1200,900,1000,1
38,58102,59011,56272,53663,51507,50616,2,50000,1,1,2,0,0,0,0,2500,2500,2000,2000,3200,2000,1
46,12289,11806,13268,12758,13549,14673,3,30000,1,1,2,2,2,2,2,0,1970,0,1000,1500,0,2
24,10476,7279,688,688,688,1320,2,20000,2,0,0,-1,2,0,0,1000,688,0,0,650,0,1
49,16326,17497,18456,18424,18800,10000,2,20000,2,0,0,0,0,0,0,1441,1400,368,376,200,0,1
49,17681,18249,18054,18569,19152,18088,1,50000,3,0,0,0,0,0,0,1611,2000,780,1000,1000,2000,1
42,47912,25023,25768,26410,27960,46254,2,30000,1,0,0,0,0,0,0,1755,1500,1000,1909,1000,2000,2
30,18886,14249,3821,2404,319,0,1,360000,1,1,2,-1,0,-1,-1,0,3828,2000,319,0,0,2
42,0,1690,0,0,0,4750,2,170000,1,1,-1,-1,-2,-2,-1,1690,0,0,0,4750,0,1
31,203,767,664,1250,-10,2174,1,400000,2,-2,-2,-2,-2,-2,-2,770,667,1256,0,2184,0,2
49,34962,32275,31253,32014,33573,29645,2,50000,1,0,0,0,0,0,0,1613,2000,1500,2000,1645,1064,2
27,80964,80337,82182,82586,85145,87049,2,160000,2,0,0,0,0,0,0,4000,4000,3500,4000,4000,2500,2
33,69418,68943,38783,3758,1261,0,2,70000,1,0,0,0,0,0,0,2382,2025,1000,25,0,1651,2
35,0,0,0,0,0,0,1,150000,1,1,-2,-2,-2,-2,-2,0,0,0,0,0,0,2
48,45174,41885,42832,23799,11723,27236,2,80000,2,0,0,0,0,0,0,3000,3413,2000,5000,17236,2000,2
22,23892,28459,25499,25778,28708,30520,2,30000,2,0,0,2,0,0,0,5300,0,1000,3352,2300,0,2
22,7960,9649,8518,8628,9293,5033,2,10000,2,0,0,0,0,0,0,2000,1000,500,1500,0,2500,1
27,0,3338,3333,3333,3333,3333,1,180000,2,1,-1,-1,-1,-1,-1,3338,3333,3333,3333,3333,3333,2
47,9192,13920,4022,316,8420,316,1,320000,1,-1,-1,-1,-1,-1,-1,13942,4022,316,8420,316,516,1
34,25935,27210,28783,30003,29385,31401,2,80000,2,0,0,0,2,2,2,2000,2338,2000,0,2500,0,2
45,7139,8416,9815,9508,9754,10192,2,10000,1,0,0,0,2,0,0,1400,1700,0,400,600,200,1
39,12865,4462,19560,8894,5329,998,2,360000,2,-1,-1,-1,0,-1,-1,4484,19623,222,5355,998,9004,2
33,-14,2568,-387,-387,-387,113,2,450000,2,-2,-2,-2,-2,-2,-2,2582,0,0,0,500,2515,1
29,49549,133957,128212,79407,8875,49880,2,330000,2,0,0,0,0,-1,-1,90000,3000,5000,8875,49880,519,2
29,546,255,464,1173,732,1023,1,60000,2,-1,2,-1,-1,2,2,0,500,1000,0,582,0,1
26,9935,11029,12795,9983,10884,7666,3,50000,2,0,0,0,0,0,0,1234,2000,297,1000,307,361,2
38,152856,156104,158279,161934,165447,168802,2,200000,1,0,0,0,0,0,0,6000,5000,5000,5000,4917,10000,1
34,1278,639,621,-18,-18,-18,1,120000,2,1,2,-1,-1,-2,-2,0,621,0,0,0,0,1
37,316,316,0,316,632,0,1,160000,1,-1,-1,-1,-1,-1,-1,316,0,316,632,0,316,2
57,46132,41050,40091,40659,38529,30900,2,110000,1,0,0,0,0,0,0,2306,2111,3009,1725,1500,0,1
50,27345,-1041,17571,17920,18296,18659,3,70000,1,-2,-2,-1,0,0,0,1041,18862,640,663,666,690,2
28,101593,101886,101441,100829,101913,96704,3,150000,2,0,0,0,0,0,0,4000,4032,3410,4000,3665,3050,2
31,142764,126606,67887,58397,105301,105965,1,610000,2,0,0,0,0,0,0,6540,2100,2150,50000,4700,2000,2
25,92849,94766,93894,85723,86443,84011,1,110000,2,0,0,0,0,0,0,4346,4075,3144,3238,3167,3202,2
25,17330,19258,23416,22768,23243,23718,2,80000,2,2,0,0,2,0,0,3000,4790,0,816,833,2000,2
33,109863,79574,78440,80141,81862,84237,2,170000,1,0,0,0,0,0,0,4380,3000,3000,3000,4000,4500,2
30,1064,2001,3796,0,0,0,1,110000,2,-1,-1,-1,-1,-2,-2,2007,3796,0,0,0,0,2
51,56764,57950,57668,55024,55883,55744,1,140000,1,0,0,0,0,0,0,2115,2004,1941,2073,1909,2132,2
51,43048,43257,44115,41112,39922,40150,1,70000,2,0,0,0,2,0,0,3000,4000,0,1500,3000,5000,1
46,29484,28592,16869,12713,10420,12532,2,260000,1,-2,-2,-2,-2,-2,-2,10000,3000,12713,10420,12532,12151,2
38,21310,22957,24266,25556,29949,34434,3,170000,2,0,0,0,0,0,0,2000,2000,2000,5000,5000,5000,1
34,10821,11877,13656,14949,16567,16826,2,50000,1,0,0,0,0,0,0,1221,2000,1500,2000,2000,4000,2
34,280823,275303,271952,193403,187562,191069,3,300000,1,0,0,0,0,0,0,11000,12000,7200,6500,6173,5500,2
31,390,390,390,4825,5202,780,1,150000,2,2,-1,-1,-1,-1,-1,390,390,4825,5202,780,0,2
25,37647,37102,36238,36374,35229,34365,2,50000,2,8,7,6,5,4,3,0,0,1000,0,0,3000,2
26,0,0,1756,2719,4049,5176,2,50000,1,1,-2,-1,0,0,0,0,1756,1000,1537,1200,2000,2
25,84710,87334,87862,18889,-783,73568,1,90000,2,2,0,0,0,0,-1,4000,3258,1000,0,77500,0,2
26,48036,46787,42011,19147,2845,20041,2,50000,2,0,0,0,0,0,0,2100,1227,383,2000,20000,649,1
43,43346,43976,39032,29092,22725,11590,2,500000,2,-1,0,0,0,0,0,4006,2383,1126,782,596,1572,2
36,873,1593,1518,285,688,2100,2,470000,1,-1,0,0,-1,-1,-1,1005,1000,285,688,2100,1014,2
58,110163,112499,114837,116400,45643,51083,2,230000,2,0,0,0,0,0,0,5600,5700,5000,1855,6400,0,1
26,4113,6030,16025,24616,19458,20047,2,140000,2,0,0,-1,-1,0,0,2000,16025,24616,1000,1000,1000,2
30,9636,10152,1817,-828,6153,12663,2,230000,1,2,0,-1,-1,-1,-1,1222,1837,0,7863,12675,2959,2
31,25103,21330,16024,9603,2131,64507,2,420000,2,0,0,0,0,-1,-1,1509,1067,3061,2210,64524,2324,2
24,31319,31181,31540,31016,30531,30528,2,30000,2,0,0,0,0,0,0,1564,1800,1100,1500,1500,3000,2
52,43343,43360,23417,21969,21179,18711,2,50000,2,1,2,0,0,0,2,1300,1400,920,1700,0,900,2
24,197,0,0,233,0,0,2,140000,2,-1,-1,-2,-1,-1,-2,0,0,233,0,0,0,2
35,7967,67650,6000,0,88348,85962,2,260000,1,-1,-1,-1,-1,-1,0,67650,6000,0,88348,5000,25000,2
29,19450,3123,2121,3113,0,0,3,90000,2,-1,2,-1,-1,-1,-2,0,3509,3113,0,0,0,2
33,240878,233838,238067,242579,238245,233710,2,240000,1,0,0,0,0,0,0,10000,11000,10000,10000,10000,8000,2
35,2115,2116,5560,4535,3488,1116,1,510000,2,-1,0,0,0,0,-1,1117,4560,91,69,1116,2115,2
35,81665,46070,34419,36829,38080,40434,2,110000,1,0,0,0,0,0,0,2460,2000,3000,2000,3000,5000,2
28,11442,3738,7526,10217,11737,8114,1,210000,2,-1,-1,-1,0,0,0,3738,7526,5000,5000,162,27760,2
40,158,0,0,0,0,612,2,220000,1,-1,-1,-2,-2,-2,-2,0,0,0,0,612,1863,1
35,2257,4261,1265,2473,0,0,1,200000,1,-2,-2,-2,-2,-2,-2,4266,1667,2473,0,0,0,2
53,10733,15206,15000,9744,11114,8123,2,360000,2,-1,-1,-1,-1,-1,-1,15206,15032,9769,11114,8123,8736,2
44,316,316,316,316,316,466,1,260000,2,-1,-1,-1,-1,-1,-1,316,316,316,316,466,316,1
33,11026,9535,10510,10472,10140,10101,2,20000,1,0,0,0,0,0,0,1174,1149,501,356,507,458,1
32,113869,116110,111978,112822,114969,117949,2,120000,1,0,0,0,0,0,0,5498,5500,4000,4300,5012,4003,2
33,7363,5180,31902,11044,0,0,1,50000,2,-1,2,-1,-1,-1,-2,39,32013,11079,0,0,0,2
26,29649,21657,28736,42733,46404,37993,1,60000,2,1,2,0,0,0,0,0,8000,15000,9000,10000,0,2
26,12716,16164,1954,5297,1483,3393,1,200000,2,-2,-2,-2,-2,-1,-1,16244,1963,3359,4849,3410,2994,1
26,1438,1261,451,-810,-420,1320,2,20000,2,-1,-1,-1,-1,-2,-1,1261,451,0,780,2130,0,1
32,47858,49223,42589,639,4639,2312,1,50000,1,2,0,0,-1,0,-1,2500,3000,7000,4000,2413,2000,2
31,0,0,190,0,36059,32851,2,50000,2,1,-2,-1,-1,-1,2,0,190,0,36059,0,2420,2
29,40732,44563,42804,44020,41278,34672,1,230000,2,0,0,2,2,2,0,5000,0,3000,0,3000,3000,1
27,819,3003,1677,1177,1313,1085,2,50000,1,-1,-1,2,-1,-1,-1,2184,5,1180,1316,1088,0,1
28,79580,81493,82759,83609,85325,87096,1,100000,2,2,2,2,2,2,2,3790,3200,3100,3200,3332,3280,2
42,0,0,2490,0,0,0,1,210000,1,1,-2,-1,-1,-2,-2,0,2490,0,0,0,0,2
32,87764,73526,72376,76870,75211,76645,2,230000,1,0,0,0,0,2,0,2630,2614,6000,0,3000,2800,2
26,31421,22150,0,0,0,0,1,500000,2,1,-2,-2,-2,-2,-2,22157,0,0,0,0,0,2
38,929,328,0,1539,1815,0,1,370000,2,-1,-1,-1,-1,-1,-1,328,0,1539,1815,0,0,2
35,2648,191,1947,11674,16160,32519,1,230000,1,-1,-1,-1,-1,0,0,200,1950,11692,10000,20000,6000,2
29,11894,12287,12407,14360,14657,4129,2,80000,2,0,0,0,0,0,0,1284,1047,2000,359,175,1000,1
29,55064,57833,9479,0,0,0,2,60000,2,-1,0,0,0,-2,-2,5000,1033,0,0,0,0,2
51,25382,26480,25761,25964,26507,27249,2,30000,2,1,2,2,0,0,0,1800,0,928,960,1181,967,2
27,-54,273,19,-254,-527,1096,1,70000,2,1,-1,-1,-1,-2,-1,600,19,0,0,1896,0,1
32,5335,5369,-281,-281,-281,-281,1,410000,2,-1,-1,-1,-2,-2,-2,5400,0,0,0,0,0,1
40,-288,-288,-288,-288,-288,2124,3,280000,1,1,-2,-2,-2,-2,-2,0,0,0,0,2412,0,2
34,46750,48317,48282,18299,19323,20329,1,50000,1,0,0,0,0,0,0,2320,1282,3299,1323,1329,1114,2
30,97062,74352,75004,76705,78168,80347,2,100000,1,0,0,0,0,0,0,2800,2700,5400,3500,3500,3200,2
29,0,0,0,0,0,0,1,230000,2,-2,-2,-2,-2,-2,-2,0,0,0,0,0,0,2
22,13801,9549,5385,7781,0,0,1,50000,2,0,0,0,-1,-1,-2,1372,1275,7900,0,0,0,2
48,15355,17949,18158,18365,17932,18147,1,100000,2,2,2,2,2,2,0,3164,800,800,0,662,3000,2
35,37148,35754,34232,32331,30337,28012,2,210000,1,0,0,0,0,0,0,2000,2000,2444,1342,1038,2000,2
37,385,12695,1290,0,0,3058,1,400000,2,-1,-1,-1,-1,-2,-1,13032,1290,0,0,3058,3768,1
25,20610,20005,19331,19333,17363,16314,2,20000,2,4,3,2,0,0,0,0,0,500,715,326,0,1
44,2000,780,0,7472,10174,11104,3,50000,1,-1,-1,-1,-1,0,0,780,0,7472,3000,1104,1000,2
28,6666,6666,0,0,0,0,1,230000,2,-1,-1,-1,-2,-2,-2,6666,0,0,0,0,0,2
29,31037,6244,0,0,0,0,2,220000,2,0,0,0,-2,-2,-2,3050,0,0,0,0,0,1
36,25239,25001,20800,0,0,65755,1,300000,1,0,0,0,0,-2,-1,1713,1000,0,0,65755,3000,2
23,998,6858,1879,1145,7328,3703,2,80000,2,1,-1,2,-1,-1,-1,6861,11,1146,7329,3704,426,2
36,16754,18873,19862,19245,20532,19953,3,20000,2,0,0,2,2,2,2,2400,1600,0,1600,209,0,2
26,31061,32129,33142,33726,35758,35171,1,190000,2,0,0,0,0,0,2,1750,1720,1300,2600,0,1400,2
37,2694,38433,38870,28574,27268,28021,2,160000,0,0,0,0,0,0,0,35888,1325,891,1000,1098,426,2
44,70096,76446,73732,12329,12329,0,1,120000,3,0,0,2,0,0,0,8100,0,247,0,0,0,2
39,99259,102345,109636,326,2016,61707,1,700000,1,0,0,0,0,-2,-1,5000,10000,326,2016,61707,17785,2
24,0,0,0,0,1086,0,1,140000,2,1,-2,-2,-2,-1,-1,0,0,0,1086,0,0,2
29,24921,21333,16212,11304,11396,6138,3,300000,1,-1,0,0,0,0,-1,2000,3000,0,5000,6202,0,2
33,66055,67405,68405,69387,70727,72215,3,120000,1,1,2,2,2,2,2,3000,2700,2700,2600,2800,0,1
39,213738,228963,223810,158542,162244,108143,2,280000,1,0,0,2,0,0,0,20300,0,5600,6300,4000,4000,2
51,54968,51384,49734,50361,49185,47245,3,70000,1,2,2,0,0,0,0,0,2100,1950,1900,2219,2100,1
24,4101,507,3042,0,8402,6204,3,20000,2,-1,-1,-1,-1,-1,2,507,3042,0,8402,0,4739,2
45,2605,2605,4590,2605,2605,3795,2,150000,1,-1,-1,-1,-1,-1,-1,2605,4590,2605,2605,3795,10675,2
30,15380,4116,19453,17912,18480,18848,1,60000,2,0,-1,0,0,0,0,4147,19435,1000,1000,1000,1000,1
51,780,0,390,780,390,390,3,200000,0,-1,-1,-1,-1,0,-1,0,390,780,0,390,390,2
24,48861,48082,48614,26667,26036,26850,2,50000,2,1,2,0,0,0,0,2000,2233,1083,1100,1400,3000,2
50,55336,58255,36260,35037,34631,63156,2,150000,1,-1,0,0,2,0,0,5085,4000,0,2000,30000,5000,1
22,20243,20400,19583,19983,20196,19705,1,20000,2,0,0,0,0,0,0,1410,1200,534,700,1000,0,2
27,11058,11471,11776,12660,12660,12413,1,40000,2,0,0,0,0,0,0,2000,1500,2330,2300,1000,2078,1
33,0,7042,2986,0,0,0,2,170000,2,1,-1,-1,-1,-2,-2,7042,2986,0,0,0,0,2
24,27087,26372,26992,27693,29237,28607,2,50000,1,1,2,0,0,0,2,0,1400,1100,2100,0,1000,2
37,8755,8158,7540,8164,6963,5923,2,10000,2,0,0,0,0,2,2,1167,1022,1036,0,2700,0,1
58,3035,199602,720,0,0,1500,2,200000,1,-1,-1,-1,-1,-2,-1,199646,720,0,0,1500,185652,2
48,20944,4696,47225,16483,9343,9693,2,50000,1,0,-1,-1,0,0,0,2360,49325,3001,1882,500,503,2
28,2007,3477,3037,1633,3633,0,1,320000,2,-1,0,0,-1,0,0,2000,1000,1633,2000,0,3000,1
24,24310,23987,23353,22719,21796,21162,3,20000,1,8,7,6,5,4,3,0,0,0,0,0,0,2
27,152478,62084,54551,14363,97440,90717,2,470000,1,0,0,0,0,-1,0,3001,4005,2021,97441,5001,5001,2
30,550,0,13013,14265,13659,0,3,230000,2,-1,-1,-1,0,0,0,0,13013,1252,3659,0,0,2
23,17246,16988,15973,18773,0,0,1,20000,2,0,0,0,0,0,-2,2000,2000,3000,0,0,0,2
53,1598,2487,0,4810,2796,3245,3,30000,2,-1,-1,-1,-1,-1,-1,2487,0,4810,2796,3245,7305,2
23,22895,23837,24253,24562,25126,25476,2,80000,2,2,2,2,2,2,2,1600,1100,1000,1100,906,0,2
55,15069,16123,16850,17568,18133,18828,2,110000,1,0,0,0,0,0,0,1600,1300,1000,1000,1000,1000,2
34,88948,79783,80575,92982,98502,103200,2,420000,1,0,0,0,0,0,0,30000,10575,15000,10000,10000,20000,1
43,0,0,0,0,0,0,1,500000,1,1,-2,-2,-2,-2,-2,0,0,0,0,0,0,1
22,79318,79459,79788,29069,26551,27109,2,80000,2,1,2,0,0,0,0,2000,2201,2000,1000,1000,2000,2
31,67648,68557,63179,57987,53948,39965,2,350000,1,0,0,0,0,0,0,3039,2047,1750,1703,1721,784,2
32,0,0,0,0,7463,6804,2,30000,1,-2,-2,-2,-2,-2,-2,0,0,0,7463,6804,4985,2
33,0,0,0,0,0,150,2,110000,2,1,-2,-2,-2,-2,-1,0,0,0,0,300,102,2
39,315201,332071,375070,354839,369532,367399,3,500000,1,0,0,0,0,0,0,25000,50000,20000,19586,14122,12022,1
38,4290,4738,2803,6027,10722,8452,1,490000,1,-1,-1,-1,-1,-1,0,4738,2803,6027,10722,6000,1139,2
34,205064,-86,-86,2014,-185,1815,2,300000,1,-2,-2,-2,-2,-2,-2,0,0,2100,0,2000,5000,2
42,47647,50232,50510,32177,29530,29789,2,50000,3,2,0,0,2,0,0,3700,3700,0,1072,1500,1132,1
37,151117,153787,150320,147989,143355,143131,3,150000,1,4,4,4,3,2,0,6500,0,512,0,4388,4221,1
57,726,726,15400,15000,15000,15000,3,80000,1,-1,2,-1,0,0,0,0,15400,0,0,0,100,2
23,20035,21406,24735,24050,43317,44059,2,40000,2,0,0,0,2,2,6,2000,4000,0,20000,2000,0,2
32,29095,30819,29214,29478,23384,22428,2,30000,2,1,2,2,0,0,0,2500,0,910,1000,1000,1000,1
37,30400,0,0,0,0,0,1,50000,1,0,0,-2,-2,-2,-2,500,0,0,0,0,0,1
23,44733,44144,44739,43455,43980,44614,2,140000,2,0,0,0,0,0,0,2100,2027,1800,1600,1750,1700,2
49,4987,6741,9366,8566,10066,0,3,50000,2,0,0,0,0,0,0,2000,3000,1500,1500,0,0,2
25,26957,26269,17036,27497,16098,7300,2,30000,2,-2,-2,-2,-2,-2,-2,1333,2256,27497,787,200,0,2
29,26461,29425,30145,29361,33893,34487,1,40000,2,0,0,2,2,2,2,3400,1500,0,5000,1300,0,2
43,50485,51582,52141,52691,54199,53176,3,100000,1,2,2,2,2,2,2,2200,2000,2000,2500,0,4500,2
29,131041,133698,131990,127512,128683,129669,2,130000,2,0,0,0,0,0,0,7000,5151,4464,5000,4702,8000,1
27,20218,19194,20112,19712,19712,6321,2,20000,2,0,0,0,0,0,0,1482,1400,0,0,0,0,2
26,0,0,0,0,0,0,1,50000,2,-2,-2,-2,-2,-2,-2,0,0,0,0,0,0,1
41,1086,2853,38836,45087,47201,46199,1,260000,1,-2,-2,-1,0,0,0,3552,38836,20000,15000,15000,10000,1
52,2450,2450,2450,2450,2450,2450,3,30000,2,2,2,7,7,7,7,0,0,0,0,0,0,2
31,15915,9050,9901,9975,9736,8703,2,10000,1,0,0,0,0,0,0,2330,2200,1000,333,311,322,2
32,43515,44557,45574,49022,47459,49666,1,200000,2,0,0,0,0,0,0,1739,1756,2662,1726,3000,2500,1
46,28234,28874,29437,27738,27268,27409,2,30000,1,0,0,0,0,0,0,1484,1436,1120,995,989,800,2
35,119333,123150,0,0,0,0,2,180000,2,0,0,0,-2,-2,-2,6000,0,0,0,0,0,2
35,29109,0,0,0,0,0,1,100000,2,0,0,-2,-2,-2,-2,0,0,0,0,0,47970,1
39,105192,90337,74510,73876,76180,78400,2,140000,1,0,0,0,0,0,0,3000,6000,4000,4000,4000,3000,2
34,310403,315048,314085,317631,315820,305498,2,290000,2,0,0,0,0,0,0,12012,12012,11016,11088,12031,12031,2
52,14591,15616,16628,16958,17314,17664,2,20000,3,0,0,0,0,0,0,1265,1277,607,629,638,641,2
40,35660,37082,38464,38922,40791,43108,3,80000,1,0,0,0,0,0,0,2000,2000,1397,2500,3000,1600,2
38,13655,8351,2340,2340,11435,189,3,500000,1,-2,-2,-2,-2,-2,-2,8351,2340,2340,11435,189,5391,2
45,4453,3310,7226,5060,2832,1890,1,180000,1,-1,-1,-1,-1,-1,-1,3310,7228,5060,2832,1890,2576,1
40,2946,0,390,390,390,390,3,20000,1,-1,-1,-1,-1,-1,-1,0,390,390,390,390,780,2
25,30606,29579,30291,30616,30456,29818,2,30000,1,0,0,0,0,0,2,1800,1512,1259,2500,0,1000,2
33,45335,50262,54793,59244,64096,68837,1,150000,2,0,0,0,0,0,0,6000,6000,6000,6000,6001,6000,1
27,5924,5174,980,3058,3158,9530,2,280000,2,-1,-1,-1,-1,-1,-1,5174,1078,3058,3158,9530,0,2
43,23587,24580,20165,10732,10566,10757,2,50000,1,0,0,0,-1,0,0,1800,1775,10732,384,757,501,2
43,15294,16340,17359,17776,19293,18844,2,20000,1,2,0,0,0,0,2,1300,1300,700,1800,0,1000,2
30,4935,-200,11463,11751,11772,5318,1,200000,2,-1,-1,-1,0,0,0,0,11663,9363,3232,3000,1000,1
49,0,0,0,0,0,0,2,210000,1,1,-2,-2,-2,-2,-2,0,0,0,0,0,0,2
38,224020,227311,184500,128190,130883,133504,1,230000,2,0,0,0,0,0,0,8750,7470,4540,4710,4750,4900,2
57,47917,48455,48120,28450,29046,29647,3,50000,2,0,0,0,0,0,0,1988,1989,1018,1054,1084,1048,1
55,51737,27121,28103,28814,29261,29878,3,50000,2,0,0,0,0,0,0,2930,1447,1158,1041,1082,994,1
23,49605,51804,53041,55150,57098,59141,2,70000,2,0,0,0,0,0,0,3000,2700,3000,3000,3000,4700,2
30,1544,1648,1284,1088,892,-304,1,310000,2,-2,-2,-2,-2,-2,-2,1300,1000,1000,1000,304,39544,1
30,2488,13476,3173,13202,6594,2549,2,180000,1,-1,-1,-1,-1,-1,-1,13476,3173,13212,6594,2549,1000,2
24,24401,22771,19461,16181,14669,14422,2,90000,2,0,0,0,0,0,2,1454,1384,407,673,0,102,2
28,149445,139794,133224,106127,51097,38555,2,390000,2,0,0,0,0,0,0,8046,5150,5297,5084,5065,5042,1
34,772,337,618,150,150,377,3,150000,1,-1,-1,-1,-1,-1,-1,340,618,150,150,227,0,2
37,13611,15066,15882,12599,18599,12284,2,400000,2,1,1,1,2,0,0,3019,5014,3,7040,2006,2005,1
32,28408,25695,11553,2350,0,0,2,80000,1,0,0,0,0,0,-2,1259,1035,1600,0,0,0,2
27,137574,199563,122093,105425,100206,96073,1,320000,2,0,0,0,0,0,0,6048,6371,3043,3031,3066,3031,1
37,238,0,0,0,0,0,2,240000,1,-1,-1,-2,-2,-2,-2,0,0,0,0,0,0,2
31,100,100,100,100,100,100,1,200000,2,-2,-2,-2,-2,-2,-2,100,100,100,100,100,100,1
55,92610,94755,92351,101140,99260,101577,1,110000,3,1,2,2,2,3,2,4500,0,11300,0,4100,0,1
28,131864,133897,129761,138604,136283,145012,1,170000,2,2,2,2,2,2,2,5600,0,11000,0,11000,5656,2
51,11315,12340,13349,14276,13904,14184,3,90000,3,0,0,0,0,2,0,1212,1221,1148,0,510,525,2
36,3877,11496,5935,295,1867,0,1,200000,1,-1,-1,0,-1,-1,-1,11496,1011,297,2923,0,0,1
30,0,2500,0,0,0,0,1,360000,2,-2,-1,-1,-2,-2,-2,2500,0,0,0,0,0,1
36,4036,0,0,2971,1607,0,1,140000,1,-1,-1,-2,-1,0,0,0,0,2971,0,0,0,2
25,168286,155893,119575,51317,51926,34608,2,220000,2,0,0,0,0,0,0,10000,3900,1000,1000,2000,2000,1
50,154970,0,0,0,0,0,3,100000,1,0,0,-2,-2,-2,-2,0,0,0,0,0,0,1
40,57364,58637,59863,62860,63976,63293,2,80000,2,2,0,0,0,2,2,2200,2200,4000,1777,0,2000,2
27,27772,30461,29325,21449,29709,29086,2,30000,2,-1,-1,2,0,-1,2,3136,0,0,29709,0,1576,2
30,4187,5152,3679,596,446,2699,1,50000,2,2,2,2,-1,2,2,2300,0,700,0,2300,0,1
26,22431,12399,4199,3059,674,0,2,120000,2,0,0,0,0,0,0,1500,1000,682,0,0,738,2
27,7010,9876,11115,12915,14415,0,1,50000,2,0,0,0,0,0,0,3000,1500,2000,2000,0,0,1
27,79837,27456,68117,39105,54456,46153,1,360000,2,0,-1,0,-1,-1,-1,27465,50154,39105,54456,46153,40000,2
25,86014,92898,92860,88533,90942,88813,1,90000,2,2,2,2,2,0,0,8300,2400,1000,4000,3600,4000,2
32,386405,387910,293177,274539,253443,253671,1,500000,2,-1,0,0,0,0,0,25016,20018,10000,79377,52778,10000,1
46,68075,69972,71805,73613,75426,77169,3,140000,1,0,0,0,0,0,0,3000,3000,3000,3000,3000,5000,2
45,17187,24045,23180,22000,22000,0,3,30000,1,0,0,2,0,0,0,7900,0,0,0,0,0,1
30,19882,20611,21859,22445,22935,23404,3,70000,1,0,0,0,0,0,0,1352,1600,949,1000,1000,1000,1
39,0,0,0,0,0,3983,1,200000,1,-2,-2,-2,-2,-2,-2,0,0,0,0,3983,0,1
48,54969,47978,48631,48351,47939,33827,1,350000,1,0,0,0,0,0,0,2087,1989,1591,1466,2000,1500,1
32,0,0,0,0,0,0,1,120000,2,1,-2,-2,-2,-2,-2,0,0,0,0,0,0,1
46,471814,478380,395612,386295,356206,352257,1,240000,2,0,0,0,0,0,0,16044,15087,12000,15000,12000,12000,1
23,22109,25011,29230,32747,38217,43744,1,90000,2,0,0,0,0,0,0,6000,5000,4000,6000,8000,4000,2
33,0,0,0,0,1980,2500,1,260000,2,1,-2,-2,-2,-1,-1,0,0,0,1980,2500,0,2
24,27245,28300,31900,31090,31837,32555,1,50000,2,0,0,0,2,0,0,1800,4400,0,1400,1400,1400,2
40,8481,13066,17638,22204,26784,31352,1,110000,1,0,0,0,0,0,0,4980,5124,5256,5416,5552,5742,1
24,1371,796,398,796,398,716,1,20000,2,-1,-1,2,-1,0,-1,796,0,796,0,716,12111,2
24,27391,28412,28575,28925,24159,0,2,30000,2,0,0,0,0,0,0,1767,1700,1010,1141,0,0,2
27,11392,14688,14040,13440,13440,13080,1,180000,2,-2,-1,2,2,-2,-2,3500,0,0,0,0,0,1
46,5902,6767,8145,8153,8324,8490,2,20000,1,0,0,0,0,0,0,1122,1500,291,302,304,319,1
22,50342,50482,49217,40882,20258,20303,2,50000,2,0,0,0,0,0,0,1896,1656,1750,717,753,1000,2
36,10737,21197,11936,40420,9210,17795,1,180000,2,-2,-2,-2,-2,-2,-2,21197,11936,40420,9210,17795,6915,2
34,1242,4006,941,2357,2945,1143,1,200000,1,-2,-2,-2,-2,-2,-2,4034,945,2366,2947,1143,744,1
24,68411,60386,48663,50998,53835,56728,2,260000,2,0,0,0,0,0,0,2500,4000,4000,3835,3805,3000,2
60,9955,3465,84421,886,11741,4317,1,320000,1,-1,-1,-1,-1,0,-1,3465,84440,886,11533,4317,52466,1
29,1989,-8,866,0,892,0,2,160000,2,2,2,-1,-1,-1,-1,0,874,0,892,0,594,2
32,7851,9065,11595,11112,12923,12566,2,30000,2,2,0,0,2,2,2,1500,3000,0,2000,0,1000,1
36,16906,17645,18478,10279,10646,10776,2,50000,1,0,0,0,0,0,0,1314,1147,348,512,435,190,2
30,21062,6495,2207,0,0,0,2,50000,2,0,0,0,0,-2,-2,2000,1000,0,0,0,0,1
29,47585,52084,53817,54818,55985,57398,2,90000,2,0,0,0,0,0,0,10000,2600,2500,2200,2500,3000,2
34,11874,5979,6938,41858,10416,1711,1,240000,2,1,2,-1,-1,0,-1,0,6938,41877,0,1711,27162,1
32,15548,15009,17752,17172,18732,23389,2,180000,1,1,2,2,2,0,0,0,3000,0,2000,5000,2000,2
32,5150,10190,10190,10190,10594,11193,2,200000,1,-1,-1,-1,-1,-1,-1,10190,10190,10190,10594,11193,10190,2
25,42543,34629,27095,18538,20100,19630,1,50000,2,0,0,0,0,0,2,1900,1428,600,3000,0,1000,2
44,1261,1261,1261,1261,1261,1261,2,50000,1,-1,-1,-1,-1,-1,-1,1261,1261,1261,1261,1261,1261,1
37,4785,3403,0,5882,5882,1013,1,330000,1,-1,-1,-1,-1,0,-1,3523,0,5882,0,1013,0,2
24,1200,1200,1200,1200,600,300,2,80000,2,2,2,5,5,4,3,0,0,0,0,0,0,2
23,3779,3944,2118,2259,3527,1100,2,50000,2,-2,-2,-2,-2,-2,-2,3955,2124,2266,3638,1303,0,2
29,15854,8174,1004,1004,646,3508,1,360000,2,0,0,-1,-1,-1,-1,1000,1004,1004,646,3508,0,2
37,219099,217058,187841,186140,191678,191816,2,240000,1,0,0,0,0,0,0,8131,8123,6700,10000,7700,6000,2
59,47069,48479,49520,18990,19539,19791,2,50000,1,0,0,0,0,0,0,2169,2210,680,855,726,687,1
33,190258,181207,120318,129281,113437,164377,2,470000,2,0,0,0,0,0,0,40012,10020,40069,25005,100000,51305,1
51,2000,1000,2125,2125,1000,2125,3,160000,1,-1,2,-1,-1,-1,-1,0,2125,2125,1000,2125,23250,2
27,12897,13484,6655,6618,0,0,1,30000,1,-1,0,0,0,0,-2,2011,2211,2101,148,0,0,1
32,81074,78262,76163,76813,77511,79069,2,80000,1,0,0,0,0,0,0,3700,3400,2900,2900,2841,3100,2
42,10889,26146,104279,103945,101945,90193,3,500000,2,-2,-1,-1,0,0,0,29987,104279,2085,1130,45551,0,2
39,3135,2822,1938,5818,2628,2628,2,180000,2,-1,-1,-1,-1,-1,0,2833,2015,5818,2628,0,0,1
46,2410,2151,2161,1719,107591,107940,2,110000,1,-1,-1,-1,-1,-1,0,2151,2161,1719,107591,5000,3500,2
41,117126,11222,15513,18087,17499,19939,1,160000,1,0,-1,0,0,2,2,15315,15000,3000,0,3000,0,1
30,21780,20974,18652,13464,109722,105573,2,210000,2,0,0,0,0,0,0,1325,1074,1000,99000,3745,4000,2
34,6206,6723,7545,362,181,488,1,200000,1,-1,0,0,-1,0,-1,1120,1024,362,0,488,300,2
35,4439,33720,14283,16426,10833,2261,1,350000,2,-1,-1,-1,0,0,0,33891,16267,4027,234,1565,26346,1
41,1338,-24,8324,5872,23020,2367,1,250000,2,-1,-1,-1,0,-1,-1,0,8348,0,23020,2367,3117,1
43,8201,7882,-2,-2,-2,-2,1,380000,2,1,2,2,-2,-2,-2,39,0,0,0,0,0,1
47,396,396,396,792,396,772,2,30000,2,-1,-1,-1,-1,0,-1,396,396,792,0,772,0,1
31,33781,35879,26043,27497,29082,31647,2,200000,2,0,0,0,0,0,0,3000,2000,2000,2000,3000,4000,1
30,27826,28672,29622,30271,24536,22913,2,30000,2,-1,0,0,0,0,0,1600,1500,1000,1000,1000,1000,1
24,14937,12171,3847,11117,6479,6187,2,50000,2,0,0,-1,-1,0,0,3027,3858,11139,3009,3016,3008,1
36,294827,292920,291760,288024,274632,266669,1,500000,1,0,0,0,0,0,0,20007,20026,20020,10017,15024,10002,1
28,0,0,1310,816,0,0,1,30000,2,1,-2,-1,-1,-1,-2,0,1310,816,0,0,0,1
36,996,4102,4111,1057,990,1324,1,220000,1,-1,-1,0,-1,-1,-1,4102,1111,1057,990,1324,1039,2
27,42784,41009,44267,47149,48497,14774,2,20000,1,0,0,0,-1,0,0,3000,5000,10000,3011,2011,2011,2
32,74189,30670,6428,4618,2708,54024,2,180000,1,0,0,0,0,-1,-1,2000,1000,0,2708,54024,2000,2
42,11973,61834,25145,37666,19453,10492,1,300000,1,-1,0,0,-1,0,0,20979,5000,37676,8808,2000,2709,1
33,133461,133393,132211,101807,101083,101597,2,130000,1,0,0,0,0,0,0,7010,6657,3899,3952,3900,4000,2
39,10159,12689,12183,13979,13621,14809,3,180000,1,2,2,2,2,2,0,2710,0,2000,0,2000,2000,2
30,50,6527,2168,-7,1373,-1,1,150000,3,-2,-2,-2,-2,-2,-2,8589,2500,0,1380,0,2050,2
30,134203,127319,107496,69218,70702,72267,2,140000,1,0,0,0,0,0,0,5000,3500,2700,2600,2742,2700,1
22,49609,61162,31485,15281,18031,18233,2,50000,2,0,0,0,0,0,0,2100,2000,4000,3000,1500,1000,2
25,6174,7543,7255,3887,5887,0,2,20000,2,1,2,2,0,0,0,2000,28,0,2000,0,0,1
28,666,662,-4,55566,1056,390,1,180000,2,-1,-1,-1,-1,-1,-1,662,0,61411,1056,0,1998,1
26,5591,6619,10574,7733,6794,5487,2,180000,2,0,0,0,0,0,0,1126,4081,240,504,169,62,1
54,148747,145231,145341,153833,151194,145738,3,150000,1,-1,0,0,0,2,0,5500,5500,11000,0,6000,5215,2
24,63903,65248,62958,64209,59482,60883,1,70000,2,0,0,0,0,0,0,3000,2190,2201,2181,2413,1952,2
29,34423,33952,33165,32391,31332,30558,2,30000,2,8,7,6,5,4,3,0,0,0,0,0,0,1
36,45106,81264,18122,27229,21462,27911,1,500000,2,-2,-2,-2,-2,-2,-2,81690,18225,27365,21570,28050,17397,1
49,44801,41545,40649,40843,40612,40656,3,60000,1,0,0,0,0,0,0,3000,4506,2500,1800,4200,2500,1
23,49860,50187,50022,20114,18777,18273,1,50000,2,-2,-2,-2,-2,-2,-2,2500,1289,917,1315,5042,2512,2
43,1018,6377,-2,935,4985,1212,3,130000,2,1,-1,-1,-2,-1,-1,6433,2,937,4990,1215,9546,1
33,134736,135593,120909,102524,40157,40805,2,260000,1,-2,-2,-2,-1,-1,0,6067,10000,3000,40157,1466,2000,2
53,0,0,0,0,0,0,3,380000,1,-2,-2,-2,-2,-2,-2,0,0,0,0,0,0,1
25,286732,290690,284059,294308,297916,279503,2,360000,2,2,2,2,2,2,2,10792,0,15000,5800,0,126685,2
54,62847,60885,56828,55419,54054,53143,3,50000,1,1,2,2,0,0,0,2100,0,2000,2000,2455,4000,1
39,58300,59727,142,29886,30510,31276,3,50000,1,0,0,2,-1,0,0,7876,161,74354,927,1089,9100,2
44,1215,856,291,803,98,431,1,260000,1,-1,2,2,-1,-1,-2,0,291,803,98,431,1104,2
27,57376,58649,59873,61077,62394,63655,2,80000,2,0,0,0,0,0,0,2200,2200,2200,2300,2300,2600,2
25,279846,169426,68810,12800,0,0,1,360000,2,0,0,0,0,0,-2,7004,1793,2757,0,0,0,2
29,0,0,0,0,0,0,1,290000,2,1,-2,-2,-2,-2,-2,0,0,0,0,0,0,2
39,-200,-200,-200,0,60800,0,1,200000,2,-2,-2,-2,-2,-2,-2,0,0,200,60800,0,0,1
45,39716,40799,41853,44452,45433,46383,1,140000,1,0,0,0,0,2,2,1600,1600,3169,1700,1700,1495,1
38,0,0,0,0,0,0,1,360000,1,1,-2,-2,-2,-2,-2,0,0,0,0,0,0,1
23,780,0,780,390,390,500,2,50000,2,-1,-1,-1,0,-1,-1,0,780,0,390,500,18300,2
25,113348,110119,111700,83858,86434,88802,2,120000,2,2,2,0,0,0,0,0,5000,3158,3934,3802,2000,1
29,94453,95860,67782,-2618,95748,101299,2,100000,1,0,0,0,0,-1,-1,3320,5000,0,100000,7186,0,1
28,81865,86790,8441,97041,103541,3632,2,200000,1,0,0,0,0,0,0,5000,2000,89000,6500,91,1504,2
40,4989,-818,1114,657,1332,780,2,90000,1,-1,-1,-1,-1,-1,-1,0,2806,2256,2274,780,0,2
